This is pdfTeX, Version 3.141592653-2.6-1.40.29 (TeX Live 2026) (preloaded format=pdflatex 2026.5.29)  1 JUN 2026 07:41
entering extended mode
 restricted \write18 enabled.
 file:line:error style messages enabled.
 %&-line parsing enabled.
**/Users/karlkuhne/Projekte/dhsn-notes/wiki/SEM2/Scripts/LateX_Scripts/Mathematik/Mathematik.tex
(/Users/karlkuhne/Projekte/dhsn-notes/wiki/SEM2/Scripts/LateX_Scripts/Mathematik/Mathematik.tex
LaTeX2e <2025-11-01>
L3 programming layer <2026-01-19>
/Users/karlkuhne/Projekte/dhsn-notes/wiki/SEM2/Scripts/LateX_Scripts/Mathematik/Mathematik.tex:6: Undefined control sequence.
l.6 \chapter
            {Inline- und Display-Modus}
The control sequence at the end of the top line
of your error message was never \def'ed. If you have
misspelled it (e.g., `\hobx'), type `I' and the correct
spelling (e.g., `I\hbox'). Otherwise just continue,
and I'll forget about whatever was undefined.


/Users/karlkuhne/Projekte/dhsn-notes/wiki/SEM2/Scripts/LateX_Scripts/Mathematik/Mathematik.tex:6: LaTeX Error: Missing \begin{document}.

See the LaTeX manual or LaTeX Companion for explanation.
Type  H <return>  for immediate help.
 ...                                              
                                                  
l.6 \chapter{I
              nline- und Display-Modus}
You're in trouble here.  Try typing  <return>  to proceed.
If that doesn't work, type  X <return>  to quit.

Missing character: There is no I in font nullfont!
Missing character: There is no n in font nullfont!
Missing character: There is no l in font nullfont!
Missing character: There is no i in font nullfont!
Missing character: There is no n in font nullfont!
Missing character: There is no e in font nullfont!
Missing character: There is no - in font nullfont!
Missing character: There is no u in font nullfont!
Missing character: There is no n in font nullfont!
Missing character: There is no d in font nullfont!
Missing character: There is no D in font nullfont!
Missing character: There is no i in font nullfont!
Missing character: There is no s in font nullfont!
Missing character: There is no p in font nullfont!
Missing character: There is no l in font nullfont!
Missing character: There is no a in font nullfont!
Missing character: There is no y in font nullfont!
Missing character: There is no - in font nullfont!
Missing character: There is no M in font nullfont!
Missing character: There is no o in font nullfont!
Missing character: There is no d in font nullfont!
Missing character: There is no u in font nullfont!
Missing character: There is no s in font nullfont!

Overfull \hbox (20.0pt too wide) in paragraph at lines 6--9
[]
 []

/Users/karlkuhne/Projekte/dhsn-notes/wiki/SEM2/Scripts/LateX_Scripts/Mathematik/Mathematik.tex:10: Undefined control sequence.
l.10 \section
             {Inline-Mathematik}
The control sequence at the end of the top line
of your error message was never \def'ed. If you have
misspelled it (e.g., `\hobx'), type `I' and the correct
spelling (e.g., `I\hbox'). Otherwise just continue,
and I'll forget about whatever was undefined.


/Users/karlkuhne/Projekte/dhsn-notes/wiki/SEM2/Scripts/LateX_Scripts/Mathematik/Mathematik.tex:10: LaTeX Error: Missing \begin{document}.

See the LaTeX manual or LaTeX Companion for explanation.
Type  H <return>  for immediate help.
 ...                                              
                                                  
l.10 \section{I
               nline-Mathematik}
You're in trouble here.  Try typing  <return>  to proceed.
If that doesn't work, type  X <return>  to quit.

Missing character: There is no I in font nullfont!
Missing character: There is no n in font nullfont!
Missing character: There is no l in font nullfont!
Missing character: There is no i in font nullfont!
Missing character: There is no n in font nullfont!
Missing character: There is no e in font nullfont!
Missing character: There is no - in font nullfont!
Missing character: There is no M in font nullfont!
Missing character: There is no a in font nullfont!
Missing character: There is no t in font nullfont!
Missing character: There is no h in font nullfont!
Missing character: There is no e in font nullfont!
Missing character: There is no m in font nullfont!
Missing character: There is no a in font nullfont!
Missing character: There is no t in font nullfont!
Missing character: There is no i in font nullfont!
Missing character: There is no k in font nullfont!

Overfull \hbox (20.0pt too wide) in paragraph at lines 10--12
[]
 []


/Users/karlkuhne/Projekte/dhsn-notes/wiki/SEM2/Scripts/LateX_Scripts/Mathematik/Mathematik.tex:13: LaTeX Error: Missing \begin{document}.

See the LaTeX manual or LaTeX Companion for explanation.
Type  H <return>  for immediate help.
 ...                                              
                                                  
l.13 M
      athematische Ausdrücke im Fließtext werden mit \texttt{\$...\$}\inde...
You're in trouble here.  Try typing  <return>  to proceed.
If that doesn't work, type  X <return>  to quit.

Missing character: There is no M in font nullfont!
Missing character: There is no a in font nullfont!
Missing character: There is no t in font nullfont!
Missing character: There is no h in font nullfont!
Missing character: There is no e in font nullfont!
Missing character: There is no m in font nullfont!
Missing character: There is no a in font nullfont!
Missing character: There is no t in font nullfont!
Missing character: There is no i in font nullfont!
Missing character: There is no s in font nullfont!
Missing character: There is no c in font nullfont!
Missing character: There is no h in font nullfont!
Missing character: There is no e in font nullfont!
Missing character: There is no A in font nullfont!
Missing character: There is no u in font nullfont!
Missing character: There is no s in font nullfont!
Missing character: There is no d in font nullfont!
Missing character: There is no r in font nullfont!
LaTeX Font Info:    Trying to load font information for +cmr on input line 13.
LaTeX Font Info:    No file cmr.fd. on input line 13.

LaTeX Font Warning: Font shape `/cmr/m/n' undefined
(Font)              using `/cmr/m/n' instead on input line 13.

/Users/karlkuhne/Projekte/dhsn-notes/wiki/SEM2/Scripts/LateX_Scripts/Mathematik/Mathematik.tex:13: Corrupted NFSS tables.
wrong@fontshape ...message {Corrupted NFSS tables}
                                                  error@fontshape else let f...
l.13 Mathematische Ausdrü
                          cke im Fließtext werden mit \texttt{\$...\$}\inde...
This error message was generated by an \errmessage
command, so I can't give any explicit help.
Pretend that you're Hercule Poirot: Examine all clues,
and deduce the truth by order and method.


LaTeX Font Warning: Font shape `/cmr/m/n' undefined
(Font)              using `OT1/cmr/m/n' instead on input line 13.

Missing character: There is no c in font nullfont!
Missing character: There is no k in font nullfont!
Missing character: There is no e in font nullfont!
Missing character: There is no i in font nullfont!
Missing character: There is no m in font nullfont!
Missing character: There is no F in font nullfont!
Missing character: There is no l in font nullfont!
Missing character: There is no i in font nullfont!
Missing character: There is no e in font nullfont!
Missing character: There is no t in font nullfont!
Missing character: There is no e in font nullfont!
Missing character: There is no x in font nullfont!
Missing character: There is no t in font nullfont!
Missing character: There is no w in font nullfont!
Missing character: There is no e in font nullfont!
Missing character: There is no r in font nullfont!
Missing character: There is no d in font nullfont!
Missing character: There is no e in font nullfont!
Missing character: There is no n in font nullfont!
Missing character: There is no m in font nullfont!
Missing character: There is no i in font nullfont!
Missing character: There is no t in font nullfont!
Missing character: There is no g in font nullfont!
Missing character: There is no e in font nullfont!
Missing character: There is no s in font nullfont!
Missing character: There is no e in font nullfont!
Missing character: There is no t in font nullfont!
Missing character: There is no z in font nullfont!
Missing character: There is no t in font nullfont!
Missing character: There is no : in font nullfont!
Missing character: There is no D in font nullfont!
Missing character: There is no i in font nullfont!
Missing character: There is no e in font nullfont!
Missing character: There is no G in font nullfont!
Missing character: There is no l in font nullfont!
Missing character: There is no e in font nullfont!
Missing character: There is no i in font nullfont!
Missing character: There is no c in font nullfont!
Missing character: There is no h in font nullfont!
Missing character: There is no u in font nullfont!
Missing character: There is no n in font nullfont!
Missing character: There is no g in font nullfont!
LaTeX Font Info:    External font `cmex10' loaded for size
(Font)              <7> on input line 14.
LaTeX Font Info:    External font `cmex10' loaded for size
(Font)              <5> on input line 14.
Missing character: There is no i in font nullfont!
Missing character: There is no s in font nullfont!
Missing character: There is no t in font nullfont!
Missing character: There is no w in font nullfont!
Missing character: There is no o in font nullfont!
Missing character: There is no h in font nullfont!
Missing character: There is no l in font nullfont!
Missing character: There is no d in font nullfont!
Missing character: There is no i in font nullfont!
Missing character: There is no e in font nullfont!
Missing character: There is no b in font nullfont!
Missing character: There is no e in font nullfont!
Missing character: There is no k in font nullfont!
Missing character: There is no a in font nullfont!
Missing character: There is no n in font nullfont!
Missing character: There is no n in font nullfont!
Missing character: There is no t in font nullfont!
Missing character: There is no e in font nullfont!
Missing character: There is no s in font nullfont!
Missing character: There is no t in font nullfont!
Missing character: There is no e in font nullfont!
Missing character: There is no F in font nullfont!
Missing character: There is no o in font nullfont!
Missing character: There is no r in font nullfont!
Missing character: There is no m in font nullfont!
Missing character: There is no e in font nullfont!
Missing character: There is no l in font nullfont!
Missing character: There is no d in font nullfont!
Missing character: There is no e in font nullfont!
Missing character: There is no r in font nullfont!
Missing character: There is no P in font nullfont!
Missing character: There is no h in font nullfont!
Missing character: There is no y in font nullfont!
Missing character: There is no s in font nullfont!
Missing character: There is no i in font nullfont!
Missing character: There is no k in font nullfont!
Missing character: There is no . in font nullfont!
Missing character: There is no D in font nullfont!
Missing character: There is no e in font nullfont!
Missing character: There is no r in font nullfont!
Missing character: There is no S in font nullfont!
Missing character: There is no a in font nullfont!
Missing character: There is no t in font nullfont!
Missing character: There is no z in font nullfont!
Missing character: There is no d in font nullfont!
Missing character: There is no e in font nullfont!
Missing character: There is no s in font nullfont!
Missing character: There is no P in font nullfont!
Missing character: There is no y in font nullfont!
Missing character: There is no t in font nullfont!
Missing character: There is no h in font nullfont!
Missing character: There is no a in font nullfont!
Missing character: There is no g in font nullfont!
Missing character: There is no o in font nullfont!
Missing character: There is no r in font nullfont!
Missing character: There is no a in font nullfont!
Missing character: There is no s in font nullfont!
Missing character: There is no l in font nullfont!
Missing character: There is no a in font nullfont!
Missing character: There is no u in font nullfont!
Missing character: There is no t in font nullfont!
Missing character: There is no e in font nullfont!
Missing character: There is no t in font nullfont!
Missing character: There is no . in font nullfont!

Overfull \hbox (20.0pt too wide) in paragraph at lines 13--16
[]
 []


Overfull \hbox (10.55559pt too wide) in paragraph at lines 13--16
\/cmr/m/n/10 ^^?u
 []


Overfull \hbox (5.00002pt too wide) in paragraph at lines 13--16
\/cmr/m/n/10 ^^Y
 []


Overfull \hbox (26.2473pt too wide) in paragraph at lines 13--16
\TS1/cmtt/m/n/10 $\OT1/cmtt/m/n/10 ...\TS1/cmtt/m/n/10 $
 []


Overfull \hbox (18.51382pt too wide) in paragraph at lines 13--16
\OML/cmm/m/it/10 E \/cmr/m/n/10 =
 []


Overfull \hbox (17.59383pt too wide) in paragraph at lines 13--16
\OML/cmm/m/it/10 mc[]$
 []


Overfull \hbox (17.54982pt too wide) in paragraph at lines 13--16
\OML/cmm/m/it/10 a[] \/cmr/m/n/10 +
 []


Overfull \hbox (19.3333pt too wide) in paragraph at lines 13--16
\OML/cmm/m/it/10 b[] \/cmr/m/n/10 =
 []


Overfull \hbox (8.81369pt too wide) in paragraph at lines 13--16
\OML/cmm/m/it/10 c[]$ 
 []

/Users/karlkuhne/Projekte/dhsn-notes/wiki/SEM2/Scripts/LateX_Scripts/Mathematik/Mathematik.tex:17: Undefined control sequence.
l.17 \section
             {Display-Modus}
The control sequence at the end of the top line
of your error message was never \def'ed. If you have
misspelled it (e.g., `\hobx'), type `I' and the correct
spelling (e.g., `I\hbox'). Otherwise just continue,
and I'll forget about whatever was undefined.


/Users/karlkuhne/Projekte/dhsn-notes/wiki/SEM2/Scripts/LateX_Scripts/Mathematik/Mathematik.tex:17: LaTeX Error: Missing \begin{document}.

See the LaTeX manual or LaTeX Companion for explanation.
Type  H <return>  for immediate help.
 ...                                              
                                                  
l.17 \section{D
               isplay-Modus}
You're in trouble here.  Try typing  <return>  to proceed.
If that doesn't work, type  X <return>  to quit.

Missing character: There is no D in font nullfont!
Missing character: There is no i in font nullfont!
Missing character: There is no s in font nullfont!
Missing character: There is no p in font nullfont!
Missing character: There is no l in font nullfont!
Missing character: There is no a in font nullfont!
Missing character: There is no y in font nullfont!
Missing character: There is no - in font nullfont!
Missing character: There is no M in font nullfont!
Missing character: There is no o in font nullfont!
Missing character: There is no d in font nullfont!
Missing character: There is no u in font nullfont!
Missing character: There is no s in font nullfont!

Overfull \hbox (20.0pt too wide) in paragraph at lines 17--19
[]
 []


/Users/karlkuhne/Projekte/dhsn-notes/wiki/SEM2/Scripts/LateX_Scripts/Mathematik/Mathematik.tex:20: LaTeX Error: Missing \begin{document}.

See the LaTeX manual or LaTeX Companion for explanation.
Type  H <return>  for immediate help.
 ...                                              
                                                  
l.20 A
      bgesetzte Formeln mit \texttt{\textbackslash[...\textbackslash]}:
You're in trouble here.  Try typing  <return>  to proceed.
If that doesn't work, type  X <return>  to quit.

Missing character: There is no A in font nullfont!
Missing character: There is no b in font nullfont!
Missing character: There is no g in font nullfont!
Missing character: There is no e in font nullfont!
Missing character: There is no s in font nullfont!
Missing character: There is no e in font nullfont!
Missing character: There is no t in font nullfont!
Missing character: There is no z in font nullfont!
Missing character: There is no t in font nullfont!
Missing character: There is no e in font nullfont!
Missing character: There is no F in font nullfont!
Missing character: There is no o in font nullfont!
Missing character: There is no r in font nullfont!
Missing character: There is no m in font nullfont!
Missing character: There is no e in font nullfont!
Missing character: There is no l in font nullfont!
Missing character: There is no n in font nullfont!
Missing character: There is no m in font nullfont!
Missing character: There is no i in font nullfont!
Missing character: There is no t in font nullfont!
LaTeX Font Info:    Trying to load font information for OMS+cmtt on input line 20.
LaTeX Font Info:    No file OMScmtt.fd. on input line 20.

LaTeX Font Warning: Font shape `OMS/cmtt/m/n' undefined
(Font)              using `OMS/cmsy/m/n' instead
(Font)              for symbol `textbackslash' on input line 20.

Missing character: There is no : in font nullfont!

Overfull \hbox (20.0pt too wide) in paragraph at lines 20--21
[]
 []


Overfull \hbox (36.2498pt too wide) in paragraph at lines 20--21
\OMS/cmtt/m/n/10 n\OT1/cmtt/m/n/10 [...\OMS/cmtt/m/n/10 n\OT1/cmtt/m/n/10 ] 
 []


Overfull \hbox (38.88536pt too wide) detected at line 23
\OML/cmm/m/it/10 E \/cmr/m/n/10 = \OML/cmm/m/it/10 mc[]
 []


/Users/karlkuhne/Projekte/dhsn-notes/wiki/SEM2/Scripts/LateX_Scripts/Mathematik/Mathematik.tex:25: LaTeX Error: Missing \begin{document}.

See the LaTeX manual or LaTeX Companion for explanation.
Type  H <return>  for immediate help.
 ...                                              
                                                  
l.25 N
      ummerierte Gleichungen mit der \texttt{equation}-Umgebung\index{equati...
You're in trouble here.  Try typing  <return>  to proceed.
If that doesn't work, type  X <return>  to quit.

Missing character: There is no N in font nullfont!
Missing character: There is no u in font nullfont!
Missing character: There is no m in font nullfont!
Missing character: There is no m in font nullfont!
Missing character: There is no e in font nullfont!
Missing character: There is no r in font nullfont!
Missing character: There is no i in font nullfont!
Missing character: There is no e in font nullfont!
Missing character: There is no r in font nullfont!
Missing character: There is no t in font nullfont!
Missing character: There is no e in font nullfont!
Missing character: There is no G in font nullfont!
Missing character: There is no l in font nullfont!
Missing character: There is no e in font nullfont!
Missing character: There is no i in font nullfont!
Missing character: There is no c in font nullfont!
Missing character: There is no h in font nullfont!
Missing character: There is no u in font nullfont!
Missing character: There is no n in font nullfont!
Missing character: There is no g in font nullfont!
Missing character: There is no e in font nullfont!
Missing character: There is no n in font nullfont!
Missing character: There is no m in font nullfont!
Missing character: There is no i in font nullfont!
Missing character: There is no t in font nullfont!
Missing character: There is no d in font nullfont!
Missing character: There is no e in font nullfont!
Missing character: There is no r in font nullfont!
Missing character: There is no - in font nullfont!
Missing character: There is no U in font nullfont!
Missing character: There is no m in font nullfont!
Missing character: There is no g in font nullfont!
Missing character: There is no e in font nullfont!
Missing character: There is no b in font nullfont!
Missing character: There is no u in font nullfont!
Missing character: There is no n in font nullfont!
Missing character: There is no g in font nullfont!
Missing character: There is no [ in font nullfont!
\citation{mittelbach2004}
/Users/karlkuhne/Projekte/dhsn-notes/wiki/SEM2/Scripts/LateX_Scripts/Mathematik/Mathematik.tex:25: Undefined control sequence.
<write> ...: Citation `\@citeb ' on page \thepage 
                                                  \space undefined\on@line .
l.25 ...equation (Umgebung)} \cite{mittelbach2004}
                                                  :
The control sequence at the end of the top line
of your error message was never \def'ed. If you have
misspelled it (e.g., `\hobx'), type `I' and the correct
spelling (e.g., `I\hbox'). Otherwise just continue,
and I'll forget about whatever was undefined.


LaTeX Warning: Citation `mittelbach2004' on page  undefined on input line 25.

Missing character: There is no ] in font nullfont!
Missing character: There is no : in font nullfont!

Overfull \hbox (20.0pt too wide) in paragraph at lines 25--26
[]
 []


Overfull \hbox (41.99963pt too wide) in paragraph at lines 25--26
\OT1/cmtt/m/n/10 equation
 []


Overfull \hbox (5.43053pt too wide) in paragraph at lines 25--26
[] 
 []


Overfull \hbox (48.47452pt too wide) detected at line 29
\OML/cmm/m/it/10 a[] \/cmr/m/n/10 + \OML/cmm/m/it/10 b[] \/cmr/m/n/10 = \OML/cmm/m/it/10 c[][]
 []

/Users/karlkuhne/Projekte/dhsn-notes/wiki/SEM2/Scripts/LateX_Scripts/Mathematik/Mathematik.tex:32: Undefined control sequence.
l.32 \chapter
             {Hoch- und Tiefstellungen}
The control sequence at the end of the top line
of your error message was never \def'ed. If you have
misspelled it (e.g., `\hobx'), type `I' and the correct
spelling (e.g., `I\hbox'). Otherwise just continue,
and I'll forget about whatever was undefined.


/Users/karlkuhne/Projekte/dhsn-notes/wiki/SEM2/Scripts/LateX_Scripts/Mathematik/Mathematik.tex:32: LaTeX Error: Missing \begin{document}.

See the LaTeX manual or LaTeX Companion for explanation.
Type  H <return>  for immediate help.
 ...                                              
                                                  
l.32 \chapter{H
               och- und Tiefstellungen}
You're in trouble here.  Try typing  <return>  to proceed.
If that doesn't work, type  X <return>  to quit.

Missing character: There is no H in font nullfont!
Missing character: There is no o in font nullfont!
Missing character: There is no c in font nullfont!
Missing character: There is no h in font nullfont!
Missing character: There is no - in font nullfont!
Missing character: There is no u in font nullfont!
Missing character: There is no n in font nullfont!
Missing character: There is no d in font nullfont!
Missing character: There is no T in font nullfont!
Missing character: There is no i in font nullfont!
Missing character: There is no e in font nullfont!
Missing character: There is no f in font nullfont!
Missing character: There is no s in font nullfont!
Missing character: There is no t in font nullfont!
Missing character: There is no e in font nullfont!
Missing character: There is no l in font nullfont!
Missing character: There is no l in font nullfont!
Missing character: There is no u in font nullfont!
Missing character: There is no n in font nullfont!
Missing character: There is no g in font nullfont!
Missing character: There is no e in font nullfont!
Missing character: There is no n in font nullfont!

Overfull \hbox (20.0pt too wide) in paragraph at lines 32--36
[]
 []

/Users/karlkuhne/Projekte/dhsn-notes/wiki/SEM2/Scripts/LateX_Scripts/Mathematik/Mathematik.tex:37: Undefined control sequence.
l.37 \section
             {Exponenten und Indizes}
The control sequence at the end of the top line
of your error message was never \def'ed. If you have
misspelled it (e.g., `\hobx'), type `I' and the correct
spelling (e.g., `I\hbox'). Otherwise just continue,
and I'll forget about whatever was undefined.


/Users/karlkuhne/Projekte/dhsn-notes/wiki/SEM2/Scripts/LateX_Scripts/Mathematik/Mathematik.tex:37: LaTeX Error: Missing \begin{document}.

See the LaTeX manual or LaTeX Companion for explanation.
Type  H <return>  for immediate help.
 ...                                              
                                                  
l.37 \section{E
               xponenten und Indizes}
You're in trouble here.  Try typing  <return>  to proceed.
If that doesn't work, type  X <return>  to quit.

Missing character: There is no E in font nullfont!
Missing character: There is no x in font nullfont!
Missing character: There is no p in font nullfont!
Missing character: There is no o in font nullfont!
Missing character: There is no n in font nullfont!
Missing character: There is no e in font nullfont!
Missing character: There is no n in font nullfont!
Missing character: There is no t in font nullfont!
Missing character: There is no e in font nullfont!
Missing character: There is no n in font nullfont!
Missing character: There is no u in font nullfont!
Missing character: There is no n in font nullfont!
Missing character: There is no d in font nullfont!
Missing character: There is no I in font nullfont!
Missing character: There is no n in font nullfont!
Missing character: There is no d in font nullfont!
Missing character: There is no i in font nullfont!
Missing character: There is no z in font nullfont!
Missing character: There is no e in font nullfont!
Missing character: There is no s in font nullfont!

Overfull \hbox (20.0pt too wide) in paragraph at lines 37--38
[]
 []


/Users/karlkuhne/Projekte/dhsn-notes/wiki/SEM2/Scripts/LateX_Scripts/Mathematik/Mathematik.tex:39: LaTeX Error: Missing \begin{document}.

See the LaTeX manual or LaTeX Companion for explanation.
Type  H <return>  for immediate help.
 ...                                              
                                                  
l.39 \begin{itemize}
                    
You're in trouble here.  Try typing  <return>  to proceed.
If that doesn't work, type  X <return>  to quit.


Overfull \hbox (20.0pt too wide) in paragraph at lines 39--39
[] 
 []

Missing character: There is no E in font nullfont!
Missing character: There is no x in font nullfont!
Missing character: There is no p in font nullfont!
Missing character: There is no o in font nullfont!
Missing character: There is no n in font nullfont!
Missing character: There is no e in font nullfont!
Missing character: There is no n in font nullfont!
Missing character: There is no t in font nullfont!
Missing character: There is no : in font nullfont!
Missing character: There is no , in font nullfont!
Missing character: There is no , in font nullfont!

Overfull \hbox (10.2014pt too wide) in paragraph at lines 40--41
\OML/cmm/m/it/10 x[]$
 []


Overfull \hbox (14.18753pt too wide) in paragraph at lines 40--41
\OML/cmm/m/it/10 x[]$
 []


Overfull \hbox (12.91302pt too wide) in paragraph at lines 40--41
\OML/cmm/m/it/10 e[]$ 
 []

Missing character: There is no I in font nullfont!
Missing character: There is no n in font nullfont!
Missing character: There is no d in font nullfont!
Missing character: There is no e in font nullfont!
Missing character: There is no x in font nullfont!
Missing character: There is no : in font nullfont!
Missing character: There is no , in font nullfont!
Missing character: There is no , in font nullfont!

Overfull \hbox (9.77202pt too wide) in paragraph at lines 41--42
\OML/cmm/m/it/10 a[]$
 []


Overfull \hbox (20.85426pt too wide) in paragraph at lines 41--42
\OML/cmm/m/it/10 a[]$
 []


Overfull \hbox (20.97229pt too wide) in paragraph at lines 41--42
\OML/cmm/m/it/10 x[]$ 
 []

Missing character: There is no B in font nullfont!
Missing character: There is no e in font nullfont!
Missing character: There is no i in font nullfont!
Missing character: There is no d in font nullfont!
Missing character: There is no e in font nullfont!
Missing character: There is no s in font nullfont!
Missing character: There is no : in font nullfont!
Missing character: There is no , in font nullfont!

Overfull \hbox (10.2014pt too wide) in paragraph at lines 42--43
\OML/cmm/m/it/10 x[]$
 []


Overfull \hbox (16.45609pt too wide) in paragraph at lines 42--43
\OML/cmm/m/it/10 a[]$ 
 []

/Users/karlkuhne/Projekte/dhsn-notes/wiki/SEM2/Scripts/LateX_Scripts/Mathematik/Mathematik.tex:45: Undefined control sequence.
l.45 \section
             {Summen, Produkte und Integrale}
The control sequence at the end of the top line
of your error message was never \def'ed. If you have
misspelled it (e.g., `\hobx'), type `I' and the correct
spelling (e.g., `I\hbox'). Otherwise just continue,
and I'll forget about whatever was undefined.

Missing character: There is no S in font nullfont!
Missing character: There is no u in font nullfont!
Missing character: There is no m in font nullfont!
Missing character: There is no m in font nullfont!
Missing character: There is no e in font nullfont!
Missing character: There is no n in font nullfont!
Missing character: There is no , in font nullfont!
Missing character: There is no P in font nullfont!
Missing character: There is no r in font nullfont!
Missing character: There is no o in font nullfont!
Missing character: There is no d in font nullfont!
Missing character: There is no u in font nullfont!
Missing character: There is no k in font nullfont!
Missing character: There is no t in font nullfont!
Missing character: There is no e in font nullfont!
Missing character: There is no u in font nullfont!
Missing character: There is no n in font nullfont!
Missing character: There is no d in font nullfont!
Missing character: There is no I in font nullfont!
Missing character: There is no n in font nullfont!
Missing character: There is no t in font nullfont!
Missing character: There is no e in font nullfont!
Missing character: There is no g in font nullfont!
Missing character: There is no r in font nullfont!
Missing character: There is no a in font nullfont!
Missing character: There is no l in font nullfont!
Missing character: There is no e in font nullfont!

Overfull \hbox (20.0pt too wide) in paragraph at lines 45--46
[]
 []


Overfull \hbox (20.0pt too wide) in paragraph at lines 47--47
[][] 
 []


Overfull \hbox (72.2941pt too wide) detected at line 49
[] \OML/cmm/m/it/10 i \/cmr/m/n/10 = []
 []


Overfull \hbox (20.0pt too wide) in paragraph at lines 51--51
[][] 
 []


Overfull \hbox (43.84604pt too wide) detected at line 53
[] \OML/cmm/m/it/10 k \/cmr/m/n/10 = \OML/cmm/m/it/10 n\/cmr/m/n/10 !
 []


Overfull \hbox (20.0pt too wide) in paragraph at lines 55--55
[][] 
 []


Overfull \hbox (82.69511pt too wide) detected at line 57
[][] \OML/cmm/m/it/10 e[] dx \/cmr/m/n/10 = []
 []

/Users/karlkuhne/Projekte/dhsn-notes/wiki/SEM2/Scripts/LateX_Scripts/Mathematik/Mathematik.tex:59: Undefined control sequence.
l.59 \section
             {Grenzwerte}
The control sequence at the end of the top line
of your error message was never \def'ed. If you have
misspelled it (e.g., `\hobx'), type `I' and the correct
spelling (e.g., `I\hbox'). Otherwise just continue,
and I'll forget about whatever was undefined.

Missing character: There is no G in font nullfont!
Missing character: There is no r in font nullfont!
Missing character: There is no e in font nullfont!
Missing character: There is no n in font nullfont!
Missing character: There is no z in font nullfont!
Missing character: There is no w in font nullfont!
Missing character: There is no e in font nullfont!
Missing character: There is no r in font nullfont!
Missing character: There is no t in font nullfont!
Missing character: There is no e in font nullfont!

Overfull \hbox (20.0pt too wide) in paragraph at lines 59--61
[]
 []


Overfull \hbox (20.0pt too wide) in paragraph at lines 62--62
[][] 
 []


Overfull \hbox (86.33405pt too wide) detected at line 64
[] [][] \/cmr/m/n/10 = \OML/cmm/m/it/10 e
 []

/Users/karlkuhne/Projekte/dhsn-notes/wiki/SEM2/Scripts/LateX_Scripts/Mathematik/Mathematik.tex:67: Undefined control sequence.
l.67 \chapter
             {Brüche und Wurzeln}
The control sequence at the end of the top line
of your error message was never \def'ed. If you have
misspelled it (e.g., `\hobx'), type `I' and the correct
spelling (e.g., `I\hbox'). Otherwise just continue,
and I'll forget about whatever was undefined.

Missing character: There is no B in font nullfont!
Missing character: There is no r in font nullfont!
Missing character: There is no c in font nullfont!
Missing character: There is no h in font nullfont!
Missing character: There is no e in font nullfont!
Missing character: There is no u in font nullfont!
Missing character: There is no n in font nullfont!
Missing character: There is no d in font nullfont!
Missing character: There is no W in font nullfont!
Missing character: There is no u in font nullfont!
Missing character: There is no r in font nullfont!
Missing character: There is no z in font nullfont!
Missing character: There is no e in font nullfont!
Missing character: There is no l in font nullfont!
Missing character: There is no n in font nullfont!

Overfull \hbox (25.55557pt too wide) in paragraph at lines 67--71
[]\/cmr/m/n/10 ^^?u
 []

/Users/karlkuhne/Projekte/dhsn-notes/wiki/SEM2/Scripts/LateX_Scripts/Mathematik/Mathematik.tex:72: Undefined control sequence.
l.72 \section
             {Verschiedene Brucharten}
The control sequence at the end of the top line
of your error message was never \def'ed. If you have
misspelled it (e.g., `\hobx'), type `I' and the correct
spelling (e.g., `I\hbox'). Otherwise just continue,
and I'll forget about whatever was undefined.

Missing character: There is no V in font nullfont!
Missing character: There is no e in font nullfont!
Missing character: There is no r in font nullfont!
Missing character: There is no s in font nullfont!
Missing character: There is no c in font nullfont!
Missing character: There is no h in font nullfont!
Missing character: There is no i in font nullfont!
Missing character: There is no e in font nullfont!
Missing character: There is no d in font nullfont!
Missing character: There is no e in font nullfont!
Missing character: There is no n in font nullfont!
Missing character: There is no e in font nullfont!
Missing character: There is no B in font nullfont!
Missing character: There is no r in font nullfont!
Missing character: There is no u in font nullfont!
Missing character: There is no c in font nullfont!
Missing character: There is no h in font nullfont!
Missing character: There is no a in font nullfont!
Missing character: There is no r in font nullfont!
Missing character: There is no t in font nullfont!
Missing character: There is no e in font nullfont!
Missing character: There is no n in font nullfont!

Overfull \hbox (20.0pt too wide) in paragraph at lines 72--73
[]
 []


Overfull \hbox (20.0pt too wide) in paragraph at lines 74--74
[] 
 []

/Users/karlkuhne/Projekte/dhsn-notes/wiki/SEM2/Scripts/LateX_Scripts/Mathematik/Mathematik.tex:75: Undefined control sequence.
l.75     \frac{a}{b} \qquad \dfrac
                                  {a}{b} \qquad \tfrac{a}{b}
The control sequence at the end of the top line
of your error message was never \def'ed. If you have
misspelled it (e.g., `\hobx'), type `I' and the correct
spelling (e.g., `I\hbox'). Otherwise just continue,
and I'll forget about whatever was undefined.

/Users/karlkuhne/Projekte/dhsn-notes/wiki/SEM2/Scripts/LateX_Scripts/Mathematik/Mathematik.tex:75: Undefined control sequence.
l.75 ...ac{a}{b} \qquad \dfrac{a}{b} \qquad \tfrac
                                                  {a}{b}
The control sequence at the end of the top line
of your error message was never \def'ed. If you have
misspelled it (e.g., `\hobx'), type `I' and the correct
spelling (e.g., `I\hbox'). Otherwise just continue,
and I'll forget about whatever was undefined.


Overfull \hbox (26.84097pt too wide) detected at line 77
[] \OML/cmm/m/it/10 ab ab[]
 []


Overfull \hbox (20.0pt too wide) in paragraph at lines 79--79
[] 
 []

Missing character: There is no - in font nullfont!
Missing character: There is no - in font nullfont!
Missing character: There is no S in font nullfont!
Missing character: There is no t in font nullfont!
Missing character: There is no a in font nullfont!
Missing character: There is no n in font nullfont!
Missing character: There is no d in font nullfont!
Missing character: There is no a in font nullfont!
Missing character: There is no r in font nullfont!
Missing character: There is no d in font nullfont!
Missing character: There is no b in font nullfont!
Missing character: There is no r in font nullfont!
Missing character: There is no u in font nullfont!
Missing character: There is no c in font nullfont!
Missing character: There is no h in font nullfont!

Overfull \hbox (25.99983pt too wide) in paragraph at lines 80--81
\OMS/cmtt/m/n/10 n\OT1/cmtt/m/n/10 frac 
 []

Missing character: There is no - in font nullfont!
Missing character: There is no - in font nullfont!
Missing character: There is no G in font nullfont!
Missing character: There is no r in font nullfont!
Missing character: There is no o in font nullfont!
Missing character: There is no e in font nullfont!
Missing character: There is no r in font nullfont!
Missing character: There is no B in font nullfont!
Missing character: There is no r in font nullfont!
Missing character: There is no u in font nullfont!
Missing character: There is no c in font nullfont!
Missing character: There is no h in font nullfont!
Missing character: There is no ( in font nullfont!
Missing character: There is no D in font nullfont!
Missing character: There is no i in font nullfont!
Missing character: There is no s in font nullfont!
Missing character: There is no p in font nullfont!
Missing character: There is no l in font nullfont!
Missing character: There is no a in font nullfont!
Missing character: There is no y in font nullfont!
Missing character: There is no - in font nullfont!
Missing character: There is no S in font nullfont!
Missing character: There is no t in font nullfont!
Missing character: There is no i in font nullfont!
Missing character: There is no l in font nullfont!
Missing character: There is no ) in font nullfont!

Overfull \hbox (31.24979pt too wide) in paragraph at lines 81--82
\OMS/cmtt/m/n/10 n\OT1/cmtt/m/n/10 dfrac
 []


Overfull \hbox (5.00002pt too wide) in paragraph at lines 81--82
\/cmr/m/n/10 ^^Y 
 []

Missing character: There is no - in font nullfont!
Missing character: There is no - in font nullfont!
Missing character: There is no K in font nullfont!
Missing character: There is no l in font nullfont!
Missing character: There is no e in font nullfont!
Missing character: There is no i in font nullfont!
Missing character: There is no n in font nullfont!
Missing character: There is no e in font nullfont!
Missing character: There is no r in font nullfont!
Missing character: There is no B in font nullfont!
Missing character: There is no r in font nullfont!
Missing character: There is no u in font nullfont!
Missing character: There is no c in font nullfont!
Missing character: There is no h in font nullfont!
Missing character: There is no ( in font nullfont!
Missing character: There is no T in font nullfont!
Missing character: There is no e in font nullfont!
Missing character: There is no x in font nullfont!
Missing character: There is no t in font nullfont!
Missing character: There is no - in font nullfont!
Missing character: There is no S in font nullfont!
Missing character: There is no t in font nullfont!
Missing character: There is no i in font nullfont!
Missing character: There is no l in font nullfont!
Missing character: There is no ) in font nullfont!

Overfull \hbox (31.24979pt too wide) in paragraph at lines 82--83
\OMS/cmtt/m/n/10 n\OT1/cmtt/m/n/10 tfrac
 []

/Users/karlkuhne/Projekte/dhsn-notes/wiki/SEM2/Scripts/LateX_Scripts/Mathematik/Mathematik.tex:85: Undefined control sequence.
l.85 \section
             {Geschachtelte Brüche}
The control sequence at the end of the top line
of your error message was never \def'ed. If you have
misspelled it (e.g., `\hobx'), type `I' and the correct
spelling (e.g., `I\hbox'). Otherwise just continue,
and I'll forget about whatever was undefined.

Missing character: There is no G in font nullfont!
Missing character: There is no e in font nullfont!
Missing character: There is no s in font nullfont!
Missing character: There is no c in font nullfont!
Missing character: There is no h in font nullfont!
Missing character: There is no a in font nullfont!
Missing character: There is no c in font nullfont!
Missing character: There is no h in font nullfont!
Missing character: There is no t in font nullfont!
Missing character: There is no e in font nullfont!
Missing character: There is no l in font nullfont!
Missing character: There is no t in font nullfont!
Missing character: There is no e in font nullfont!
Missing character: There is no B in font nullfont!
Missing character: There is no r in font nullfont!
Missing character: There is no c in font nullfont!
Missing character: There is no h in font nullfont!
Missing character: There is no e in font nullfont!

Overfull \hbox (20.0pt too wide) in paragraph at lines 85--86
[]
 []


Overfull \hbox (5.55557pt too wide) in paragraph at lines 85--86
\/cmr/m/n/10 ^^?u 
 []


Overfull \hbox (20.0pt too wide) in paragraph at lines 87--87
[] 
 []


Overfull \hbox (62.74187pt too wide) detected at line 90
\/cmr/m/n/10 1 + [][]
 []

/Users/karlkuhne/Projekte/dhsn-notes/wiki/SEM2/Scripts/LateX_Scripts/Mathematik/Mathematik.tex:92: Undefined control sequence.
l.92 \section
             {Wurzeln}
The control sequence at the end of the top line
of your error message was never \def'ed. If you have
misspelled it (e.g., `\hobx'), type `I' and the correct
spelling (e.g., `I\hbox'). Otherwise just continue,
and I'll forget about whatever was undefined.

Missing character: There is no W in font nullfont!
Missing character: There is no u in font nullfont!
Missing character: There is no r in font nullfont!
Missing character: There is no z in font nullfont!
Missing character: There is no e in font nullfont!
Missing character: There is no l in font nullfont!
Missing character: There is no n in font nullfont!

Overfull \hbox (20.0pt too wide) in paragraph at lines 92--93
[] 
 []


Overfull \hbox (20.0pt too wide) in paragraph at lines 94--94
[][] 
 []


Overfull \hbox (129.1275pt too wide) detected at line 98
[] \OMS/cmtt/m/n/10 ^^Y \/cmr/m/n/10 1[]414 [][] = 2 [][] = \OML/cmm/m/it/10 a[]
 []

/Users/karlkuhne/Projekte/dhsn-notes/wiki/SEM2/Scripts/LateX_Scripts/Mathematik/Mathematik.tex:101: Undefined control sequence.
l.101 \chapter
              {Matrizen}
The control sequence at the end of the top line
of your error message was never \def'ed. If you have
misspelled it (e.g., `\hobx'), type `I' and the correct
spelling (e.g., `I\hbox'). Otherwise just continue,
and I'll forget about whatever was undefined.

Missing character: There is no M in font nullfont!
Missing character: There is no a in font nullfont!
Missing character: There is no t in font nullfont!
Missing character: There is no r in font nullfont!
Missing character: There is no i in font nullfont!
Missing character: There is no z in font nullfont!
Missing character: There is no e in font nullfont!
Missing character: There is no n in font nullfont!

Overfull \hbox (20.0pt too wide) in paragraph at lines 101--105
[]
 []

/Users/karlkuhne/Projekte/dhsn-notes/wiki/SEM2/Scripts/LateX_Scripts/Mathematik/Mathematik.tex:106: Undefined control sequence.
l.106 \section
              {Einfache Matrix}
The control sequence at the end of the top line
of your error message was never \def'ed. If you have
misspelled it (e.g., `\hobx'), type `I' and the correct
spelling (e.g., `I\hbox'). Otherwise just continue,
and I'll forget about whatever was undefined.

Missing character: There is no E in font nullfont!
Missing character: There is no i in font nullfont!
Missing character: There is no n in font nullfont!
Missing character: There is no f in font nullfont!
Missing character: There is no a in font nullfont!
Missing character: There is no c in font nullfont!
Missing character: There is no h in font nullfont!
Missing character: There is no e in font nullfont!
Missing character: There is no M in font nullfont!
Missing character: There is no a in font nullfont!
Missing character: There is no t in font nullfont!
Missing character: There is no r in font nullfont!
Missing character: There is no i in font nullfont!
Missing character: There is no x in font nullfont!

Overfull \hbox (20.0pt too wide) in paragraph at lines 106--107
[]
 []


Overfull \hbox (20.0pt too wide) in paragraph at lines 108--108
[][] 
 []

/Users/karlkuhne/Projekte/dhsn-notes/wiki/SEM2/Scripts/LateX_Scripts/Mathematik/Mathematik.tex:110: Misplaced alignment tab character &.
l.110         1 &
                  2 & 3 \\
I can't figure out why you would want to use a tab mark
here. If you just want an ampersand, the remedy is
simple: Just type `I\&' now. But if some right brace
up above has ended a previous alignment prematurely,
you're probably due for more error messages, and you
might try typing `S' now just to see what is salvageable.

/Users/karlkuhne/Projekte/dhsn-notes/wiki/SEM2/Scripts/LateX_Scripts/Mathematik/Mathematik.tex:110: Misplaced alignment tab character &.
l.110         1 & 2 &
                      3 \\
I can't figure out why you would want to use a tab mark
here. If you just want an ampersand, the remedy is
simple: Just type `I\&' now. But if some right brace
up above has ended a previous alignment prematurely,
you're probably due for more error messages, and you
might try typing `S' now just to see what is salvageable.

/Users/karlkuhne/Projekte/dhsn-notes/wiki/SEM2/Scripts/LateX_Scripts/Mathematik/Mathematik.tex:111: Misplaced alignment tab character &.
l.111         4 &
                  5 & 6 \\
I can't figure out why you would want to use a tab mark
here. If you just want an ampersand, the remedy is
simple: Just type `I\&' now. But if some right brace
up above has ended a previous alignment prematurely,
you're probably due for more error messages, and you
might try typing `S' now just to see what is salvageable.

/Users/karlkuhne/Projekte/dhsn-notes/wiki/SEM2/Scripts/LateX_Scripts/Mathematik/Mathematik.tex:111: Misplaced alignment tab character &.
l.111         4 & 5 &
                      6 \\
I can't figure out why you would want to use a tab mark
here. If you just want an ampersand, the remedy is
simple: Just type `I\&' now. But if some right brace
up above has ended a previous alignment prematurely,
you're probably due for more error messages, and you
might try typing `S' now just to see what is salvageable.

/Users/karlkuhne/Projekte/dhsn-notes/wiki/SEM2/Scripts/LateX_Scripts/Mathematik/Mathematik.tex:112: Misplaced alignment tab character &.
l.112         7 &
                  8 & 9
I can't figure out why you would want to use a tab mark
here. If you just want an ampersand, the remedy is
simple: Just type `I\&' now. But if some right brace
up above has ended a previous alignment prematurely,
you're probably due for more error messages, and you
might try typing `S' now just to see what is salvageable.

/Users/karlkuhne/Projekte/dhsn-notes/wiki/SEM2/Scripts/LateX_Scripts/Mathematik/Mathematik.tex:112: Misplaced alignment tab character &.
l.112         7 & 8 &
                      9
I can't figure out why you would want to use a tab mark
here. If you just want an ampersand, the remedy is
simple: Just type `I\&' now. But if some right brace
up above has ended a previous alignment prematurely,
you're probably due for more error messages, and you
might try typing `S' now just to see what is salvageable.


Overfull \hbox (48.33339pt too wide) detected at line 114
[] [] \/cmr/m/n/10 23[] 456[] 789
 []

/Users/karlkuhne/Projekte/dhsn-notes/wiki/SEM2/Scripts/LateX_Scripts/Mathematik/Mathematik.tex:116: Undefined control sequence.
l.116 \section
              {Matrix mit Klammern}
The control sequence at the end of the top line
of your error message was never \def'ed. If you have
misspelled it (e.g., `\hobx'), type `I' and the correct
spelling (e.g., `I\hbox'). Otherwise just continue,
and I'll forget about whatever was undefined.

Missing character: There is no M in font nullfont!
Missing character: There is no a in font nullfont!
Missing character: There is no t in font nullfont!
Missing character: There is no r in font nullfont!
Missing character: There is no i in font nullfont!
Missing character: There is no x in font nullfont!
Missing character: There is no m in font nullfont!
Missing character: There is no i in font nullfont!
Missing character: There is no t in font nullfont!
Missing character: There is no K in font nullfont!
Missing character: There is no l in font nullfont!
Missing character: There is no a in font nullfont!
Missing character: There is no m in font nullfont!
Missing character: There is no m in font nullfont!
Missing character: There is no e in font nullfont!
Missing character: There is no r in font nullfont!
Missing character: There is no n in font nullfont!

Overfull \hbox (20.0pt too wide) in paragraph at lines 116--117
[]
 []

Missing character: There is no V in font nullfont!
Missing character: There is no e in font nullfont!
Missing character: There is no r in font nullfont!
Missing character: There is no s in font nullfont!
Missing character: There is no c in font nullfont!
Missing character: There is no h in font nullfont!
Missing character: There is no i in font nullfont!
Missing character: There is no e in font nullfont!
Missing character: There is no d in font nullfont!
Missing character: There is no e in font nullfont!
Missing character: There is no n in font nullfont!
Missing character: There is no e in font nullfont!
Missing character: There is no K in font nullfont!
Missing character: There is no l in font nullfont!
Missing character: There is no a in font nullfont!
Missing character: There is no m in font nullfont!
Missing character: There is no m in font nullfont!
Missing character: There is no e in font nullfont!
Missing character: There is no r in font nullfont!
Missing character: There is no a in font nullfont!
Missing character: There is no r in font nullfont!
Missing character: There is no t in font nullfont!
Missing character: There is no e in font nullfont!
Missing character: There is no n in font nullfont!
Missing character: There is no : in font nullfont!

Overfull \hbox (20.0pt too wide) in paragraph at lines 118--119
[]
 []


Overfull \hbox (20.0pt too wide) in paragraph at lines 120--120
[][] 
 []

/Users/karlkuhne/Projekte/dhsn-notes/wiki/SEM2/Scripts/LateX_Scripts/Mathematik/Mathematik.tex:121: Misplaced alignment tab character &.
l.121     \begin{pmatrix} 1 &
                              0 \\ 0 & 1 \end{pmatrix}
I can't figure out why you would want to use a tab mark
here. If you just want an ampersand, the remedy is
simple: Just type `I\&' now. But if some right brace
up above has ended a previous alignment prematurely,
you're probably due for more error messages, and you
might try typing `S' now just to see what is salvageable.

/Users/karlkuhne/Projekte/dhsn-notes/wiki/SEM2/Scripts/LateX_Scripts/Mathematik/Mathematik.tex:121: Misplaced alignment tab character &.
l.121     \begin{pmatrix} 1 & 0 \\ 0 &
                                       1 \end{pmatrix}
I can't figure out why you would want to use a tab mark
here. If you just want an ampersand, the remedy is
simple: Just type `I\&' now. But if some right brace
up above has ended a previous alignment prematurely,
you're probably due for more error messages, and you
might try typing `S' now just to see what is salvageable.


/Users/karlkuhne/Projekte/dhsn-notes/wiki/SEM2/Scripts/LateX_Scripts/Mathematik/Mathematik.tex:123: LaTeX Error: Environment bmatrix undefined.

See the LaTeX manual or LaTeX Companion for explanation.
Type  H <return>  for immediate help.
 ...                                              
                                                  
l.123     \begin{bmatrix}
                          1 & 0 \\ 0 & 1 \end{bmatrix}
Your command was ignored.
Type  I <command> <return>  to replace it with another command,
or  <return>  to continue without it.

/Users/karlkuhne/Projekte/dhsn-notes/wiki/SEM2/Scripts/LateX_Scripts/Mathematik/Mathematik.tex:123: Misplaced alignment tab character &.
l.123     \begin{bmatrix} 1 &
                              0 \\ 0 & 1 \end{bmatrix}
I can't figure out why you would want to use a tab mark
here. If you just want an ampersand, the remedy is
simple: Just type `I\&' now. But if some right brace
up above has ended a previous alignment prematurely,
you're probably due for more error messages, and you
might try typing `S' now just to see what is salvageable.

/Users/karlkuhne/Projekte/dhsn-notes/wiki/SEM2/Scripts/LateX_Scripts/Mathematik/Mathematik.tex:123: Misplaced alignment tab character &.
l.123     \begin{bmatrix} 1 & 0 \\ 0 &
                                       1 \end{bmatrix}
I can't figure out why you would want to use a tab mark
here. If you just want an ampersand, the remedy is
simple: Just type `I\&' now. But if some right brace
up above has ended a previous alignment prematurely,
you're probably due for more error messages, and you
might try typing `S' now just to see what is salvageable.


/Users/karlkuhne/Projekte/dhsn-notes/wiki/SEM2/Scripts/LateX_Scripts/Mathematik/Mathematik.tex:123: LaTeX Error: \begin{document} ended by \end{bmatrix}.

See the LaTeX manual or LaTeX Companion for explanation.
Type  H <return>  for immediate help.
 ...                                              
                                                  
l.123 ...gin{bmatrix} 1 & 0 \\ 0 & 1 \end{bmatrix}
                                                  
Your command was ignored.
Type  I <command> <return>  to replace it with another command,
or  <return>  to continue without it.


/Users/karlkuhne/Projekte/dhsn-notes/wiki/SEM2/Scripts/LateX_Scripts/Mathematik/Mathematik.tex:125: LaTeX Error: Environment vmatrix undefined.

See the LaTeX manual or LaTeX Companion for explanation.
Type  H <return>  for immediate help.
 ...                                              
                                                  
l.125     \begin{vmatrix}
                          a & b \\ c & d \end{vmatrix}
Your command was ignored.
Type  I <command> <return>  to replace it with another command,
or  <return>  to continue without it.

/Users/karlkuhne/Projekte/dhsn-notes/wiki/SEM2/Scripts/LateX_Scripts/Mathematik/Mathematik.tex:125: Misplaced alignment tab character &.
l.125     \begin{vmatrix} a &
                              b \\ c & d \end{vmatrix}
I can't figure out why you would want to use a tab mark
here. If you just want an ampersand, the remedy is
simple: Just type `I\&' now. But if some right brace
up above has ended a previous alignment prematurely,
you're probably due for more error messages, and you
might try typing `S' now just to see what is salvageable.

/Users/karlkuhne/Projekte/dhsn-notes/wiki/SEM2/Scripts/LateX_Scripts/Mathematik/Mathematik.tex:125: Misplaced alignment tab character &.
l.125     \begin{vmatrix} a & b \\ c &
                                       d \end{vmatrix}
I can't figure out why you would want to use a tab mark
here. If you just want an ampersand, the remedy is
simple: Just type `I\&' now. But if some right brace
up above has ended a previous alignment prematurely,
you're probably due for more error messages, and you
might try typing `S' now just to see what is salvageable.


/Users/karlkuhne/Projekte/dhsn-notes/wiki/SEM2/Scripts/LateX_Scripts/Mathematik/Mathematik.tex:125: LaTeX Error: \begin{document} ended by \end{vmatrix}.

See the LaTeX manual or LaTeX Companion for explanation.
Type  H <return>  for immediate help.
 ...                                              
                                                  
l.125 ...gin{vmatrix} a & b \\ c & d \end{vmatrix}
                                                  
Your command was ignored.
Type  I <command> <return>  to replace it with another command,
or  <return>  to continue without it.


/Users/karlkuhne/Projekte/dhsn-notes/wiki/SEM2/Scripts/LateX_Scripts/Mathematik/Mathematik.tex:127: LaTeX Error: Environment Vmatrix undefined.

See the LaTeX manual or LaTeX Companion for explanation.
Type  H <return>  for immediate help.
 ...                                              
                                                  
l.127     \begin{Vmatrix}
                          1 & 0 \\ 0 & 1 \end{Vmatrix}
Your command was ignored.
Type  I <command> <return>  to replace it with another command,
or  <return>  to continue without it.

/Users/karlkuhne/Projekte/dhsn-notes/wiki/SEM2/Scripts/LateX_Scripts/Mathematik/Mathematik.tex:127: Misplaced alignment tab character &.
l.127     \begin{Vmatrix} 1 &
                              0 \\ 0 & 1 \end{Vmatrix}
I can't figure out why you would want to use a tab mark
here. If you just want an ampersand, the remedy is
simple: Just type `I\&' now. But if some right brace
up above has ended a previous alignment prematurely,
you're probably due for more error messages, and you
might try typing `S' now just to see what is salvageable.

/Users/karlkuhne/Projekte/dhsn-notes/wiki/SEM2/Scripts/LateX_Scripts/Mathematik/Mathematik.tex:127: Misplaced alignment tab character &.
l.127     \begin{Vmatrix} 1 & 0 \\ 0 &
                                       1 \end{Vmatrix}
I can't figure out why you would want to use a tab mark
here. If you just want an ampersand, the remedy is
simple: Just type `I\&' now. But if some right brace
up above has ended a previous alignment prematurely,
you're probably due for more error messages, and you
might try typing `S' now just to see what is salvageable.


/Users/karlkuhne/Projekte/dhsn-notes/wiki/SEM2/Scripts/LateX_Scripts/Mathematik/Mathematik.tex:127: LaTeX Error: \begin{document} ended by \end{Vmatrix}.

See the LaTeX manual or LaTeX Companion for explanation.
Type  H <return>  for immediate help.
 ...                                              
                                                  
l.127 ...gin{Vmatrix} 1 & 0 \\ 0 & 1 \end{Vmatrix}
                                                  
Your command was ignored.
Type  I <command> <return>  to replace it with another command,
or  <return>  to continue without it.


Overfull \hbox (91.88783pt too wide) detected at line 128
[] \/cmr/m/n/10 0[] 01 10[] 01 \OML/cmm/m/it/10 ab[] cd \/cmr/m/n/10 10[] 01
 []


Overfull \hbox (20.0pt too wide) in paragraph at lines 130--130
[] 
 []

Missing character: There is no - in font nullfont!
Missing character: There is no - in font nullfont!
Missing character: There is no r in font nullfont!
Missing character: There is no u in font nullfont!
Missing character: There is no n in font nullfont!
Missing character: There is no d in font nullfont!
Missing character: There is no e in font nullfont!
Missing character: There is no K in font nullfont!
Missing character: There is no l in font nullfont!
Missing character: There is no a in font nullfont!
Missing character: There is no m in font nullfont!
Missing character: There is no m in font nullfont!
Missing character: There is no e in font nullfont!
Missing character: There is no r in font nullfont!
Missing character: There is no n in font nullfont!

Overfull \hbox (36.74968pt too wide) in paragraph at lines 131--132
\OT1/cmtt/m/n/10 pmatrix
 []

Missing character: There is no - in font nullfont!
Missing character: There is no - in font nullfont!
Missing character: There is no e in font nullfont!
Missing character: There is no c in font nullfont!
Missing character: There is no k in font nullfont!
Missing character: There is no i in font nullfont!
Missing character: There is no g in font nullfont!
Missing character: There is no e in font nullfont!
Missing character: There is no K in font nullfont!
Missing character: There is no l in font nullfont!
Missing character: There is no a in font nullfont!
Missing character: There is no m in font nullfont!
Missing character: There is no m in font nullfont!
Missing character: There is no e in font nullfont!
Missing character: There is no r in font nullfont!
Missing character: There is no n in font nullfont!

Overfull \hbox (36.74968pt too wide) in paragraph at lines 132--133
\OT1/cmtt/m/n/10 bmatrix
 []

Missing character: There is no - in font nullfont!
Missing character: There is no - in font nullfont!
Missing character: There is no e in font nullfont!
Missing character: There is no i in font nullfont!
Missing character: There is no n in font nullfont!
Missing character: There is no f in font nullfont!
Missing character: There is no a in font nullfont!
Missing character: There is no c in font nullfont!
Missing character: There is no h in font nullfont!
Missing character: There is no e in font nullfont!
Missing character: There is no S in font nullfont!
Missing character: There is no t in font nullfont!
Missing character: There is no r in font nullfont!
Missing character: There is no i in font nullfont!
Missing character: There is no c in font nullfont!
Missing character: There is no h in font nullfont!
Missing character: There is no e in font nullfont!
Missing character: There is no ( in font nullfont!
Missing character: There is no D in font nullfont!
Missing character: There is no e in font nullfont!
Missing character: There is no t in font nullfont!
Missing character: There is no e in font nullfont!
Missing character: There is no r in font nullfont!
Missing character: There is no m in font nullfont!
Missing character: There is no i in font nullfont!
Missing character: There is no n in font nullfont!
Missing character: There is no a in font nullfont!
Missing character: There is no n in font nullfont!
Missing character: There is no t in font nullfont!
Missing character: There is no e in font nullfont!
Missing character: There is no ) in font nullfont!

Overfull \hbox (36.74968pt too wide) in paragraph at lines 133--134
\OT1/cmtt/m/n/10 vmatrix
 []

Missing character: There is no - in font nullfont!
Missing character: There is no - in font nullfont!
Missing character: There is no d in font nullfont!
Missing character: There is no o in font nullfont!
Missing character: There is no p in font nullfont!
Missing character: There is no p in font nullfont!
Missing character: There is no e in font nullfont!
Missing character: There is no l in font nullfont!
Missing character: There is no t in font nullfont!
Missing character: There is no e in font nullfont!
Missing character: There is no S in font nullfont!
Missing character: There is no t in font nullfont!
Missing character: There is no r in font nullfont!
Missing character: There is no i in font nullfont!
Missing character: There is no c in font nullfont!
Missing character: There is no h in font nullfont!
Missing character: There is no e in font nullfont!

Overfull \hbox (36.74968pt too wide) in paragraph at lines 134--135
\OT1/cmtt/m/n/10 Vmatrix
 []

/Users/karlkuhne/Projekte/dhsn-notes/wiki/SEM2/Scripts/LateX_Scripts/Mathematik/Mathematik.tex:137: Undefined control sequence.
l.137 \section
              {Große Matrix mit Punkten}
The control sequence at the end of the top line
of your error message was never \def'ed. If you have
misspelled it (e.g., `\hobx'), type `I' and the correct
spelling (e.g., `I\hbox'). Otherwise just continue,
and I'll forget about whatever was undefined.

Missing character: There is no G in font nullfont!
Missing character: There is no r in font nullfont!
Missing character: There is no o in font nullfont!
Missing character: There is no e in font nullfont!
Missing character: There is no M in font nullfont!
Missing character: There is no a in font nullfont!
Missing character: There is no t in font nullfont!
Missing character: There is no r in font nullfont!
Missing character: There is no i in font nullfont!
Missing character: There is no x in font nullfont!
Missing character: There is no m in font nullfont!
Missing character: There is no i in font nullfont!
Missing character: There is no t in font nullfont!
Missing character: There is no P in font nullfont!
Missing character: There is no u in font nullfont!
Missing character: There is no n in font nullfont!
Missing character: There is no k in font nullfont!
Missing character: There is no t in font nullfont!
Missing character: There is no e in font nullfont!
Missing character: There is no n in font nullfont!

Overfull \hbox (25.00002pt too wide) in paragraph at lines 137--138
[]\/cmr/m/n/10 ^^Y
 []


Overfull \hbox (20.0pt too wide) in paragraph at lines 139--139
[][] 
 []

/Users/karlkuhne/Projekte/dhsn-notes/wiki/SEM2/Scripts/LateX_Scripts/Mathematik/Mathematik.tex:141: Misplaced alignment tab character &.
l.141         a_{11} &
                       a_{12} & \cdots & a_{1n} \\
I can't figure out why you would want to use a tab mark
here. If you just want an ampersand, the remedy is
simple: Just type `I\&' now. But if some right brace
up above has ended a previous alignment prematurely,
you're probably due for more error messages, and you
might try typing `S' now just to see what is salvageable.

/Users/karlkuhne/Projekte/dhsn-notes/wiki/SEM2/Scripts/LateX_Scripts/Mathematik/Mathematik.tex:141: Misplaced alignment tab character &.
l.141         a_{11} & a_{12} &
                                \cdots & a_{1n} \\
I can't figure out why you would want to use a tab mark
here. If you just want an ampersand, the remedy is
simple: Just type `I\&' now. But if some right brace
up above has ended a previous alignment prematurely,
you're probably due for more error messages, and you
might try typing `S' now just to see what is salvageable.

/Users/karlkuhne/Projekte/dhsn-notes/wiki/SEM2/Scripts/LateX_Scripts/Mathematik/Mathematik.tex:141: Misplaced alignment tab character &.
l.141         a_{11} & a_{12} & \cdots &
                                         a_{1n} \\
I can't figure out why you would want to use a tab mark
here. If you just want an ampersand, the remedy is
simple: Just type `I\&' now. But if some right brace
up above has ended a previous alignment prematurely,
you're probably due for more error messages, and you
might try typing `S' now just to see what is salvageable.

/Users/karlkuhne/Projekte/dhsn-notes/wiki/SEM2/Scripts/LateX_Scripts/Mathematik/Mathematik.tex:142: Misplaced alignment tab character &.
l.142         a_{21} &
                       a_{22} & \cdots & a_{2n} \\
I can't figure out why you would want to use a tab mark
here. If you just want an ampersand, the remedy is
simple: Just type `I\&' now. But if some right brace
up above has ended a previous alignment prematurely,
you're probably due for more error messages, and you
might try typing `S' now just to see what is salvageable.

/Users/karlkuhne/Projekte/dhsn-notes/wiki/SEM2/Scripts/LateX_Scripts/Mathematik/Mathematik.tex:142: Misplaced alignment tab character &.
l.142         a_{21} & a_{22} &
                                \cdots & a_{2n} \\
I can't figure out why you would want to use a tab mark
here. If you just want an ampersand, the remedy is
simple: Just type `I\&' now. But if some right brace
up above has ended a previous alignment prematurely,
you're probably due for more error messages, and you
might try typing `S' now just to see what is salvageable.

/Users/karlkuhne/Projekte/dhsn-notes/wiki/SEM2/Scripts/LateX_Scripts/Mathematik/Mathematik.tex:142: Misplaced alignment tab character &.
l.142         a_{21} & a_{22} & \cdots &
                                         a_{2n} \\
I can't figure out why you would want to use a tab mark
here. If you just want an ampersand, the remedy is
simple: Just type `I\&' now. But if some right brace
up above has ended a previous alignment prematurely,
you're probably due for more error messages, and you
might try typing `S' now just to see what is salvageable.

Missing character: There is no . in font nullfont!
Missing character: There is no . in font nullfont!
Missing character: There is no . in font nullfont!
/Users/karlkuhne/Projekte/dhsn-notes/wiki/SEM2/Scripts/LateX_Scripts/Mathematik/Mathematik.tex:143: Misplaced alignment tab character &.
l.143         \vdots &
                       \vdots & \ddots & \vdots \\
I can't figure out why you would want to use a tab mark
here. If you just want an ampersand, the remedy is
simple: Just type `I\&' now. But if some right brace
up above has ended a previous alignment prematurely,
you're probably due for more error messages, and you
might try typing `S' now just to see what is salvageable.

Missing character: There is no . in font nullfont!
Missing character: There is no . in font nullfont!
Missing character: There is no . in font nullfont!
/Users/karlkuhne/Projekte/dhsn-notes/wiki/SEM2/Scripts/LateX_Scripts/Mathematik/Mathematik.tex:143: Misplaced alignment tab character &.
l.143         \vdots & \vdots &
                                \ddots & \vdots \\
I can't figure out why you would want to use a tab mark
here. If you just want an ampersand, the remedy is
simple: Just type `I\&' now. But if some right brace
up above has ended a previous alignment prematurely,
you're probably due for more error messages, and you
might try typing `S' now just to see what is salvageable.

Missing character: There is no . in font nullfont!
Missing character: There is no . in font nullfont!
Missing character: There is no . in font nullfont!
/Users/karlkuhne/Projekte/dhsn-notes/wiki/SEM2/Scripts/LateX_Scripts/Mathematik/Mathematik.tex:143: Misplaced alignment tab character &.
l.143         \vdots & \vdots & \ddots &
                                         \vdots \\
I can't figure out why you would want to use a tab mark
here. If you just want an ampersand, the remedy is
simple: Just type `I\&' now. But if some right brace
up above has ended a previous alignment prematurely,
you're probably due for more error messages, and you
might try typing `S' now just to see what is salvageable.

Missing character: There is no . in font nullfont!
Missing character: There is no . in font nullfont!
Missing character: There is no . in font nullfont!
/Users/karlkuhne/Projekte/dhsn-notes/wiki/SEM2/Scripts/LateX_Scripts/Mathematik/Mathematik.tex:144: Misplaced alignment tab character &.
l.144         a_{n1} &
                       a_{n2} & \cdots & a_{nn}
I can't figure out why you would want to use a tab mark
here. If you just want an ampersand, the remedy is
simple: Just type `I\&' now. But if some right brace
up above has ended a previous alignment prematurely,
you're probably due for more error messages, and you
might try typing `S' now just to see what is salvageable.

/Users/karlkuhne/Projekte/dhsn-notes/wiki/SEM2/Scripts/LateX_Scripts/Mathematik/Mathematik.tex:144: Misplaced alignment tab character &.
l.144         a_{n1} & a_{n2} &
                                \cdots & a_{nn}
I can't figure out why you would want to use a tab mark
here. If you just want an ampersand, the remedy is
simple: Just type `I\&' now. But if some right brace
up above has ended a previous alignment prematurely,
you're probably due for more error messages, and you
might try typing `S' now just to see what is salvageable.

/Users/karlkuhne/Projekte/dhsn-notes/wiki/SEM2/Scripts/LateX_Scripts/Mathematik/Mathematik.tex:144: Misplaced alignment tab character &.
l.144         a_{n1} & a_{n2} & \cdots &
                                         a_{nn}
I can't figure out why you would want to use a tab mark
here. If you just want an ampersand, the remedy is
simple: Just type `I\&' now. But if some right brace
up above has ended a previous alignment prematurely,
you're probably due for more error messages, and you
might try typing `S' now just to see what is salvageable.


Overfull \hbox (214.84354pt too wide) detected at line 146
\OML/cmm/m/it/10 A \/cmr/m/n/10 = [][] \OML/cmm/m/it/10 a[] [] a[][] a[]a[] [] a[][] [][] [] [][] a[]a[] [] a[]
 []

/Users/karlkuhne/Projekte/dhsn-notes/wiki/SEM2/Scripts/LateX_Scripts/Mathematik/Mathematik.tex:149: Undefined control sequence.
l.149 \chapter
              {Mehrzeilige Gleichungen}
The control sequence at the end of the top line
of your error message was never \def'ed. If you have
misspelled it (e.g., `\hobx'), type `I' and the correct
spelling (e.g., `I\hbox'). Otherwise just continue,
and I'll forget about whatever was undefined.

Missing character: There is no M in font nullfont!
Missing character: There is no e in font nullfont!
Missing character: There is no h in font nullfont!
Missing character: There is no r in font nullfont!
Missing character: There is no z in font nullfont!
Missing character: There is no e in font nullfont!
Missing character: There is no i in font nullfont!
Missing character: There is no l in font nullfont!
Missing character: There is no i in font nullfont!
Missing character: There is no g in font nullfont!
Missing character: There is no e in font nullfont!
Missing character: There is no G in font nullfont!
Missing character: There is no l in font nullfont!
Missing character: There is no e in font nullfont!
Missing character: There is no i in font nullfont!
Missing character: There is no c in font nullfont!
Missing character: There is no h in font nullfont!
Missing character: There is no u in font nullfont!
Missing character: There is no n in font nullfont!
Missing character: There is no g in font nullfont!
Missing character: There is no e in font nullfont!
Missing character: There is no n in font nullfont!

Overfull \hbox (20.0pt too wide) in paragraph at lines 149--153
[]
 []

/Users/karlkuhne/Projekte/dhsn-notes/wiki/SEM2/Scripts/LateX_Scripts/Mathematik/Mathematik.tex:154: Undefined control sequence.
l.154 \section
              {align -- ausgerichtete Gleichungen}
The control sequence at the end of the top line
of your error message was never \def'ed. If you have
misspelled it (e.g., `\hobx'), type `I' and the correct
spelling (e.g., `I\hbox'). Otherwise just continue,
and I'll forget about whatever was undefined.

Missing character: There is no a in font nullfont!
Missing character: There is no l in font nullfont!
Missing character: There is no i in font nullfont!
Missing character: There is no g in font nullfont!
Missing character: There is no n in font nullfont!
Missing character: There is no - in font nullfont!
Missing character: There is no - in font nullfont!
Missing character: There is no a in font nullfont!
Missing character: There is no u in font nullfont!
Missing character: There is no s in font nullfont!
Missing character: There is no g in font nullfont!
Missing character: There is no e in font nullfont!
Missing character: There is no r in font nullfont!
Missing character: There is no i in font nullfont!
Missing character: There is no c in font nullfont!
Missing character: There is no h in font nullfont!
Missing character: There is no t in font nullfont!
Missing character: There is no e in font nullfont!
Missing character: There is no t in font nullfont!
Missing character: There is no e in font nullfont!
Missing character: There is no G in font nullfont!
Missing character: There is no l in font nullfont!
Missing character: There is no e in font nullfont!
Missing character: There is no i in font nullfont!
Missing character: There is no c in font nullfont!
Missing character: There is no h in font nullfont!
Missing character: There is no u in font nullfont!
Missing character: There is no n in font nullfont!
Missing character: There is no g in font nullfont!
Missing character: There is no e in font nullfont!
Missing character: There is no n in font nullfont!

Overfull \hbox (20.0pt too wide) in paragraph at lines 154--155
[]
 []


/Users/karlkuhne/Projekte/dhsn-notes/wiki/SEM2/Scripts/LateX_Scripts/Mathematik/Mathematik.tex:156: LaTeX Error: Environment align undefined.

See the LaTeX manual or LaTeX Companion for explanation.
Type  H <return>  for immediate help.
 ...                                              
                                                  
l.156 \begin{align}
                   
Your command was ignored.
Type  I <command> <return>  to replace it with another command,
or  <return>  to continue without it.

Missing character: There is no ( in font nullfont!
Missing character: There is no a in font nullfont!
Missing character: There is no + in font nullfont!
Missing character: There is no b in font nullfont!
Missing character: There is no ) in font nullfont!
/Users/karlkuhne/Projekte/dhsn-notes/wiki/SEM2/Scripts/LateX_Scripts/Mathematik/Mathematik.tex:157: Missing $ inserted.
<inserted text> 
                $
l.157     (a + b)^
                  2 &= a^2 + 2ab + b^2 \label{eq:binom1} \\
I've inserted a begin-math/end-math symbol since I think
you left one out. Proceed, with fingers crossed.

/Users/karlkuhne/Projekte/dhsn-notes/wiki/SEM2/Scripts/LateX_Scripts/Mathematik/Mathematik.tex:157: Misplaced alignment tab character &.
l.157     (a + b)^2 &
                     = a^2 + 2ab + b^2 \label{eq:binom1} \\
I can't figure out why you would want to use a tab mark
here. If you just want an ampersand, the remedy is
simple: Just type `I\&' now. But if some right brace
up above has ended a previous alignment prematurely,
you're probably due for more error messages, and you
might try typing `S' now just to see what is salvageable.

/Users/karlkuhne/Projekte/dhsn-notes/wiki/SEM2/Scripts/LateX_Scripts/Mathematik/Mathematik.tex:158: Misplaced alignment tab character &.
l.158     (a - b)^2 &
                     = a^2 - 2ab + b^2 \label{eq:binom2} \\
I can't figure out why you would want to use a tab mark
here. If you just want an ampersand, the remedy is
simple: Just type `I\&' now. But if some right brace
up above has ended a previous alignment prematurely,
you're probably due for more error messages, and you
might try typing `S' now just to see what is salvageable.

/Users/karlkuhne/Projekte/dhsn-notes/wiki/SEM2/Scripts/LateX_Scripts/Mathematik/Mathematik.tex:159: Misplaced alignment tab character &.
l.159     a^2 - b^2 &
                     = (a+b)(a-b) \label{eq:binom3}
I can't figure out why you would want to use a tab mark
here. If you just want an ampersand, the remedy is
simple: Just type `I\&' now. But if some right brace
up above has ended a previous alignment prematurely,
you're probably due for more error messages, and you
might try typing `S' now just to see what is salvageable.


/Users/karlkuhne/Projekte/dhsn-notes/wiki/SEM2/Scripts/LateX_Scripts/Mathematik/Mathematik.tex:160: LaTeX Error: \begin{document} ended by \end{align}.

See the LaTeX manual or LaTeX Companion for explanation.
Type  H <return>  for immediate help.
 ...                                              
                                                  
l.160 \end{align}
                 
Your command was ignored.
Type  I <command> <return>  to replace it with another command,
or  <return>  to continue without it.

/Users/karlkuhne/Projekte/dhsn-notes/wiki/SEM2/Scripts/LateX_Scripts/Mathematik/Mathematik.tex:160: Missing $ inserted.
<inserted text> 
                $
l.160 \end{align}
                 
I've inserted something that you may have forgotten.
(See the <inserted text> above.)
With luck, this will get me unwedged. But if you
really didn't forget anything, try typing `2' now; then
my insertion and my current dilemma will both disappear.


Overfull \hbox (20.0pt too wide) in paragraph at lines 157--161
[]
 []


Overfull \hbox (15.04164pt too wide) in paragraph at lines 157--161
[] \/cmr/m/n/10 =
 []


Overfull \hbox (17.54982pt too wide) in paragraph at lines 157--161
\OML/cmm/m/it/10 a[] \/cmr/m/n/10 +
 []


Overfull \hbox (22.35536pt too wide) in paragraph at lines 157--161
\/cmr/m/n/10 2\OML/cmm/m/it/10 ab \/cmr/m/n/10 +
 []


Overfull \hbox (8.77779pt too wide) in paragraph at lines 157--161
\OML/cmm/m/it/10 b[][][] 
 []


Overfull \hbox (16.95259pt too wide) in paragraph at lines 157--161
\/cmr/m/n/10 (\OML/cmm/m/it/10 a \OMS/cmtt/m/n/10 ^^@
 []


Overfull \hbox (23.2222pt too wide) in paragraph at lines 157--161
\OML/cmm/m/it/10 b\/cmr/m/n/10 )[] =
 []


Overfull \hbox (17.54982pt too wide) in paragraph at lines 157--161
\OML/cmm/m/it/10 a[] \OMS/cmtt/m/n/10 ^^@
 []


Overfull \hbox (22.35536pt too wide) in paragraph at lines 157--161
\/cmr/m/n/10 2\OML/cmm/m/it/10 ab \/cmr/m/n/10 +
 []


Overfull \hbox (8.77779pt too wide) in paragraph at lines 157--161
\OML/cmm/m/it/10 b[][][] 
 []


Overfull \hbox (17.54982pt too wide) in paragraph at lines 157--161
\OML/cmm/m/it/10 a[] \OMS/cmtt/m/n/10 ^^@
 []


Overfull \hbox (19.3333pt too wide) in paragraph at lines 157--161
\OML/cmm/m/it/10 b[] \/cmr/m/n/10 =
 []


Overfull \hbox (16.95259pt too wide) in paragraph at lines 157--161
\/cmr/m/n/10 (\OML/cmm/m/it/10 a \/cmr/m/n/10 +
 []


Overfull \hbox (25.13315pt too wide) in paragraph at lines 157--161
\OML/cmm/m/it/10 b\/cmr/m/n/10 )(\OML/cmm/m/it/10 a \OMS/cmtt/m/n/10 ^^@
 []


Overfull \hbox (8.18056pt too wide) in paragraph at lines 157--161
\OML/cmm/m/it/10 b\/cmr/m/n/10 )[]$ 
 []

/Users/karlkuhne/Projekte/dhsn-notes/wiki/SEM2/Scripts/LateX_Scripts/Mathematik/Mathematik.tex:162: Undefined control sequence.
l.162 \section
              {alignat -- mehrfache Ausrichtung}
The control sequence at the end of the top line
of your error message was never \def'ed. If you have
misspelled it (e.g., `\hobx'), type `I' and the correct
spelling (e.g., `I\hbox'). Otherwise just continue,
and I'll forget about whatever was undefined.

Missing character: There is no a in font nullfont!
Missing character: There is no l in font nullfont!
Missing character: There is no i in font nullfont!
Missing character: There is no g in font nullfont!
Missing character: There is no n in font nullfont!
Missing character: There is no a in font nullfont!
Missing character: There is no t in font nullfont!
Missing character: There is no - in font nullfont!
Missing character: There is no - in font nullfont!
Missing character: There is no m in font nullfont!
Missing character: There is no e in font nullfont!
Missing character: There is no h in font nullfont!
Missing character: There is no r in font nullfont!
Missing character: There is no f in font nullfont!
Missing character: There is no a in font nullfont!
Missing character: There is no c in font nullfont!
Missing character: There is no h in font nullfont!
Missing character: There is no e in font nullfont!
Missing character: There is no A in font nullfont!
Missing character: There is no u in font nullfont!
Missing character: There is no s in font nullfont!
Missing character: There is no r in font nullfont!
Missing character: There is no i in font nullfont!
Missing character: There is no c in font nullfont!
Missing character: There is no h in font nullfont!
Missing character: There is no t in font nullfont!
Missing character: There is no u in font nullfont!
Missing character: There is no n in font nullfont!
Missing character: There is no g in font nullfont!

Overfull \hbox (20.0pt too wide) in paragraph at lines 162--163
[]
 []


/Users/karlkuhne/Projekte/dhsn-notes/wiki/SEM2/Scripts/LateX_Scripts/Mathematik/Mathematik.tex:164: LaTeX Error: Environment alignat* undefined.

See the LaTeX manual or LaTeX Companion for explanation.
Type  H <return>  for immediate help.
 ...                                              
                                                  
l.164 \begin{alignat*}
                      {2}
Your command was ignored.
Type  I <command> <return>  to replace it with another command,
or  <return>  to continue without it.

Missing character: There is no 2 in font nullfont!
/Users/karlkuhne/Projekte/dhsn-notes/wiki/SEM2/Scripts/LateX_Scripts/Mathematik/Mathematik.tex:165: Misplaced alignment tab character &.
l.165     &
           \text{Addition:} &\quad a + b &= c \\
I can't figure out why you would want to use a tab mark
here. If you just want an ampersand, the remedy is
simple: Just type `I\&' now. But if some right brace
up above has ended a previous alignment prematurely,
you're probably due for more error messages, and you
might try typing `S' now just to see what is salvageable.

/Users/karlkuhne/Projekte/dhsn-notes/wiki/SEM2/Scripts/LateX_Scripts/Mathematik/Mathematik.tex:165: Undefined control sequence.
l.165     &\text
                {Addition:} &\quad a + b &= c \\
The control sequence at the end of the top line
of your error message was never \def'ed. If you have
misspelled it (e.g., `\hobx'), type `I' and the correct
spelling (e.g., `I\hbox'). Otherwise just continue,
and I'll forget about whatever was undefined.

Missing character: There is no A in font nullfont!
Missing character: There is no d in font nullfont!
Missing character: There is no d in font nullfont!
Missing character: There is no i in font nullfont!
Missing character: There is no t in font nullfont!
Missing character: There is no i in font nullfont!
Missing character: There is no o in font nullfont!
Missing character: There is no n in font nullfont!
Missing character: There is no : in font nullfont!
/Users/karlkuhne/Projekte/dhsn-notes/wiki/SEM2/Scripts/LateX_Scripts/Mathematik/Mathematik.tex:165: Misplaced alignment tab character &.
l.165     &\text{Addition:} &
                             \quad a + b &= c \\
I can't figure out why you would want to use a tab mark
here. If you just want an ampersand, the remedy is
simple: Just type `I\&' now. But if some right brace
up above has ended a previous alignment prematurely,
you're probably due for more error messages, and you
might try typing `S' now just to see what is salvageable.

Missing character: There is no a in font nullfont!
Missing character: There is no + in font nullfont!
Missing character: There is no b in font nullfont!
/Users/karlkuhne/Projekte/dhsn-notes/wiki/SEM2/Scripts/LateX_Scripts/Mathematik/Mathematik.tex:165: Misplaced alignment tab character &.
l.165     &\text{Addition:} &\quad a + b &
                                          = c \\
I can't figure out why you would want to use a tab mark
here. If you just want an ampersand, the remedy is
simple: Just type `I\&' now. But if some right brace
up above has ended a previous alignment prematurely,
you're probably due for more error messages, and you
might try typing `S' now just to see what is salvageable.

Missing character: There is no = in font nullfont!
Missing character: There is no c in font nullfont!
/Users/karlkuhne/Projekte/dhsn-notes/wiki/SEM2/Scripts/LateX_Scripts/Mathematik/Mathematik.tex:166: Misplaced alignment tab character &.
<recently read> &
                 
l.166     &
           \text{Subtraktion:} &\quad a - b &= d \\
I can't figure out why you would want to use a tab mark
here. If you just want an ampersand, the remedy is
simple: Just type `I\&' now. But if some right brace
up above has ended a previous alignment prematurely,
you're probably due for more error messages, and you
might try typing `S' now just to see what is salvageable.

/Users/karlkuhne/Projekte/dhsn-notes/wiki/SEM2/Scripts/LateX_Scripts/Mathematik/Mathematik.tex:166: Undefined control sequence.
l.166     &\text
                {Subtraktion:} &\quad a - b &= d \\
The control sequence at the end of the top line
of your error message was never \def'ed. If you have
misspelled it (e.g., `\hobx'), type `I' and the correct
spelling (e.g., `I\hbox'). Otherwise just continue,
and I'll forget about whatever was undefined.

Missing character: There is no S in font nullfont!
Missing character: There is no u in font nullfont!
Missing character: There is no b in font nullfont!
Missing character: There is no t in font nullfont!
Missing character: There is no r in font nullfont!
Missing character: There is no a in font nullfont!
Missing character: There is no k in font nullfont!
Missing character: There is no t in font nullfont!
Missing character: There is no i in font nullfont!
Missing character: There is no o in font nullfont!
Missing character: There is no n in font nullfont!
Missing character: There is no : in font nullfont!
/Users/karlkuhne/Projekte/dhsn-notes/wiki/SEM2/Scripts/LateX_Scripts/Mathematik/Mathematik.tex:166: Misplaced alignment tab character &.
l.166     &\text{Subtraktion:} &
                                \quad a - b &= d \\
I can't figure out why you would want to use a tab mark
here. If you just want an ampersand, the remedy is
simple: Just type `I\&' now. But if some right brace
up above has ended a previous alignment prematurely,
you're probably due for more error messages, and you
might try typing `S' now just to see what is salvageable.

Missing character: There is no a in font nullfont!
Missing character: There is no - in font nullfont!
Missing character: There is no b in font nullfont!
/Users/karlkuhne/Projekte/dhsn-notes/wiki/SEM2/Scripts/LateX_Scripts/Mathematik/Mathematik.tex:166: Misplaced alignment tab character &.
l.166     &\text{Subtraktion:} &\quad a - b &
                                             = d \\
I can't figure out why you would want to use a tab mark
here. If you just want an ampersand, the remedy is
simple: Just type `I\&' now. But if some right brace
up above has ended a previous alignment prematurely,
you're probably due for more error messages, and you
might try typing `S' now just to see what is salvageable.

Missing character: There is no = in font nullfont!
Missing character: There is no d in font nullfont!
/Users/karlkuhne/Projekte/dhsn-notes/wiki/SEM2/Scripts/LateX_Scripts/Mathematik/Mathematik.tex:167: Misplaced alignment tab character &.
<recently read> &
                 
l.167     &
           \text{Multiplikation:} &\quad a \cdot b &= e
I can't figure out why you would want to use a tab mark
here. If you just want an ampersand, the remedy is
simple: Just type `I\&' now. But if some right brace
up above has ended a previous alignment prematurely,
you're probably due for more error messages, and you
might try typing `S' now just to see what is salvageable.

/Users/karlkuhne/Projekte/dhsn-notes/wiki/SEM2/Scripts/LateX_Scripts/Mathematik/Mathematik.tex:167: Undefined control sequence.
l.167     &\text
                {Multiplikation:} &\quad a \cdot b &= e
The control sequence at the end of the top line
of your error message was never \def'ed. If you have
misspelled it (e.g., `\hobx'), type `I' and the correct
spelling (e.g., `I\hbox'). Otherwise just continue,
and I'll forget about whatever was undefined.

Missing character: There is no M in font nullfont!
Missing character: There is no u in font nullfont!
Missing character: There is no l in font nullfont!
Missing character: There is no t in font nullfont!
Missing character: There is no i in font nullfont!
Missing character: There is no p in font nullfont!
Missing character: There is no l in font nullfont!
Missing character: There is no i in font nullfont!
Missing character: There is no k in font nullfont!
Missing character: There is no a in font nullfont!
Missing character: There is no t in font nullfont!
Missing character: There is no i in font nullfont!
Missing character: There is no o in font nullfont!
Missing character: There is no n in font nullfont!
Missing character: There is no : in font nullfont!
/Users/karlkuhne/Projekte/dhsn-notes/wiki/SEM2/Scripts/LateX_Scripts/Mathematik/Mathematik.tex:167: Misplaced alignment tab character &.
l.167     &\text{Multiplikation:} &
                                   \quad a \cdot b &= e
I can't figure out why you would want to use a tab mark
here. If you just want an ampersand, the remedy is
simple: Just type `I\&' now. But if some right brace
up above has ended a previous alignment prematurely,
you're probably due for more error messages, and you
might try typing `S' now just to see what is salvageable.

Missing character: There is no a in font nullfont!
/Users/karlkuhne/Projekte/dhsn-notes/wiki/SEM2/Scripts/LateX_Scripts/Mathematik/Mathematik.tex:167: Missing $ inserted.
<inserted text> 
                $
l.167     &\text{Multiplikation:} &\quad a \cdot
                                                 b &= e
I've inserted a begin-math/end-math symbol since I think
you left one out. Proceed, with fingers crossed.

/Users/karlkuhne/Projekte/dhsn-notes/wiki/SEM2/Scripts/LateX_Scripts/Mathematik/Mathematik.tex:167: Misplaced alignment tab character &.
l.167 ...\text{Multiplikation:} &\quad a \cdot b &
                                                  = e
I can't figure out why you would want to use a tab mark
here. If you just want an ampersand, the remedy is
simple: Just type `I\&' now. But if some right brace
up above has ended a previous alignment prematurely,
you're probably due for more error messages, and you
might try typing `S' now just to see what is salvageable.


/Users/karlkuhne/Projekte/dhsn-notes/wiki/SEM2/Scripts/LateX_Scripts/Mathematik/Mathematik.tex:168: LaTeX Error: \begin{document} ended by \end{alignat*}.

See the LaTeX manual or LaTeX Companion for explanation.
Type  H <return>  for immediate help.
 ...                                              
                                                  
l.168 \end{alignat*}
                    
Your command was ignored.
Type  I <command> <return>  to replace it with another command,
or  <return>  to continue without it.

/Users/karlkuhne/Projekte/dhsn-notes/wiki/SEM2/Scripts/LateX_Scripts/Mathematik/Mathematik.tex:168: Missing $ inserted.
<inserted text> 
                $
l.168 \end{alignat*}
                    
I've inserted something that you may have forgotten.
(See the <inserted text> above.)
With luck, this will get me unwedged. But if you
really didn't forget anything, try typing `2' now; then
my insertion and my current dilemma will both disappear.


Overfull \hbox (20.0pt too wide) in paragraph at lines 164--169
[]
 []


Overfull \hbox (17.62495pt too wide) in paragraph at lines 164--169
\OMS/cmtt/m/n/10 ^^A\OML/cmm/m/it/10 b \/cmr/m/n/10 =
 []


Overfull \hbox (4.65627pt too wide) in paragraph at lines 164--169
\OML/cmm/m/it/10 e$ 
 []

/Users/karlkuhne/Projekte/dhsn-notes/wiki/SEM2/Scripts/LateX_Scripts/Mathematik/Mathematik.tex:170: Undefined control sequence.
l.170 \section
              {cases -- Fallunterscheidungen}
The control sequence at the end of the top line
of your error message was never \def'ed. If you have
misspelled it (e.g., `\hobx'), type `I' and the correct
spelling (e.g., `I\hbox'). Otherwise just continue,
and I'll forget about whatever was undefined.

Missing character: There is no c in font nullfont!
Missing character: There is no a in font nullfont!
Missing character: There is no s in font nullfont!
Missing character: There is no e in font nullfont!
Missing character: There is no s in font nullfont!
Missing character: There is no - in font nullfont!
Missing character: There is no - in font nullfont!
Missing character: There is no F in font nullfont!
Missing character: There is no a in font nullfont!
Missing character: There is no l in font nullfont!
Missing character: There is no l in font nullfont!
Missing character: There is no u in font nullfont!
Missing character: There is no n in font nullfont!
Missing character: There is no t in font nullfont!
Missing character: There is no e in font nullfont!
Missing character: There is no r in font nullfont!
Missing character: There is no s in font nullfont!
Missing character: There is no c in font nullfont!
Missing character: There is no h in font nullfont!
Missing character: There is no e in font nullfont!
Missing character: There is no i in font nullfont!
Missing character: There is no d in font nullfont!
Missing character: There is no u in font nullfont!
Missing character: There is no n in font nullfont!
Missing character: There is no g in font nullfont!
Missing character: There is no e in font nullfont!
Missing character: There is no n in font nullfont!

Overfull \hbox (20.0pt too wide) in paragraph at lines 170--171
[]
 []


Overfull \hbox (20.0pt too wide) in paragraph at lines 172--172
[] 
 []

/Users/karlkuhne/Projekte/dhsn-notes/wiki/SEM2/Scripts/LateX_Scripts/Mathematik/Mathematik.tex:174: Misplaced alignment tab character &.
l.174         x &
                  \text{falls } x \geq 0 \\
I can't figure out why you would want to use a tab mark
here. If you just want an ampersand, the remedy is
simple: Just type `I\&' now. But if some right brace
up above has ended a previous alignment prematurely,
you're probably due for more error messages, and you
might try typing `S' now just to see what is salvageable.

/Users/karlkuhne/Projekte/dhsn-notes/wiki/SEM2/Scripts/LateX_Scripts/Mathematik/Mathematik.tex:174: Undefined control sequence.
l.174         x & \text
                       {falls } x \geq 0 \\
The control sequence at the end of the top line
of your error message was never \def'ed. If you have
misspelled it (e.g., `\hobx'), type `I' and the correct
spelling (e.g., `I\hbox'). Otherwise just continue,
and I'll forget about whatever was undefined.

/Users/karlkuhne/Projekte/dhsn-notes/wiki/SEM2/Scripts/LateX_Scripts/Mathematik/Mathematik.tex:175: Misplaced alignment tab character &.
l.175         -x &
                   \text{falls } x < 0
I can't figure out why you would want to use a tab mark
here. If you just want an ampersand, the remedy is
simple: Just type `I\&' now. But if some right brace
up above has ended a previous alignment prematurely,
you're probably due for more error messages, and you
might try typing `S' now just to see what is salvageable.

/Users/karlkuhne/Projekte/dhsn-notes/wiki/SEM2/Scripts/LateX_Scripts/Mathematik/Mathematik.tex:175: Undefined control sequence.
l.175         -x & \text
                        {falls } x < 0
The control sequence at the end of the top line
of your error message was never \def'ed. If you have
misspelled it (e.g., `\hobx'), type `I' and the correct
spelling (e.g., `I\hbox'). Otherwise just continue,
and I'll forget about whatever was undefined.


Overfull \hbox (146.05627pt too wide) detected at line 178
\OMS/cmtt/m/n/10 j\OML/cmm/m/it/10 x\OMS/cmtt/m/n/10 j \/cmr/m/n/10 = [] []\OML/cmm/m/it/10 x \OMS/cmtt/m/n/10 ^^U \/cmr/m/n/10 0[]  \OMS/cmtt/m/n/10 ^^@ \OML/cmm/m/it/10 x[]x < \/cmr/m/n/10 0[]
 []

/Users/karlkuhne/Projekte/dhsn-notes/wiki/SEM2/Scripts/LateX_Scripts/Mathematik/Mathematik.tex:180: Undefined control sequence.
l.180 \section
              {split -- lange Gleichung}
The control sequence at the end of the top line
of your error message was never \def'ed. If you have
misspelled it (e.g., `\hobx'), type `I' and the correct
spelling (e.g., `I\hbox'). Otherwise just continue,
and I'll forget about whatever was undefined.

Missing character: There is no s in font nullfont!
Missing character: There is no p in font nullfont!
Missing character: There is no l in font nullfont!
Missing character: There is no i in font nullfont!
Missing character: There is no t in font nullfont!
Missing character: There is no - in font nullfont!
Missing character: There is no - in font nullfont!
Missing character: There is no l in font nullfont!
Missing character: There is no a in font nullfont!
Missing character: There is no n in font nullfont!
Missing character: There is no g in font nullfont!
Missing character: There is no e in font nullfont!
Missing character: There is no G in font nullfont!
Missing character: There is no l in font nullfont!
Missing character: There is no e in font nullfont!
Missing character: There is no i in font nullfont!
Missing character: There is no c in font nullfont!
Missing character: There is no h in font nullfont!
Missing character: There is no u in font nullfont!
Missing character: There is no n in font nullfont!
Missing character: There is no g in font nullfont!

Overfull \hbox (20.0pt too wide) in paragraph at lines 180--181
[]
 []


Overfull \hbox (20.0pt too wide) in paragraph at lines 182--182
[] 
 []


/Users/karlkuhne/Projekte/dhsn-notes/wiki/SEM2/Scripts/LateX_Scripts/Mathematik/Mathematik.tex:183: LaTeX Error: Environment split undefined.

See the LaTeX manual or LaTeX Companion for explanation.
Type  H <return>  for immediate help.
 ...                                              
                                                  
l.183     \begin{split}
                       
Your command was ignored.
Type  I <command> <return>  to replace it with another command,
or  <return>  to continue without it.

/Users/karlkuhne/Projekte/dhsn-notes/wiki/SEM2/Scripts/LateX_Scripts/Mathematik/Mathematik.tex:184: Misplaced alignment tab character &.
l.184         (a+b)^3 &
                       = a^3 + 3a^2b + 3ab^2 + b^3 \\
I can't figure out why you would want to use a tab mark
here. If you just want an ampersand, the remedy is
simple: Just type `I\&' now. But if some right brace
up above has ended a previous alignment prematurely,
you're probably due for more error messages, and you
might try typing `S' now just to see what is salvageable.

/Users/karlkuhne/Projekte/dhsn-notes/wiki/SEM2/Scripts/LateX_Scripts/Mathematik/Mathematik.tex:185: Misplaced alignment tab character &.
<recently read> &
                 
l.185                  &
                        = a^3 + b^3 + 3ab(a+b)
I can't figure out why you would want to use a tab mark
here. If you just want an ampersand, the remedy is
simple: Just type `I\&' now. But if some right brace
up above has ended a previous alignment prematurely,
you're probably due for more error messages, and you
might try typing `S' now just to see what is salvageable.


/Users/karlkuhne/Projekte/dhsn-notes/wiki/SEM2/Scripts/LateX_Scripts/Mathematik/Mathematik.tex:186: LaTeX Error: \begin{equation} on input line 182 ended by \end{split}.

See the LaTeX manual or LaTeX Companion for explanation.
Type  H <return>  for immediate help.
 ...                                              
                                                  
l.186     \end{split}
                     
Your command was ignored.
Type  I <command> <return>  to replace it with another command,
or  <return>  to continue without it.


Overfull \hbox (210.11243pt too wide) detected at line 188
\/cmr/m/n/10 (\OML/cmm/m/it/10 a \/cmr/m/n/10 + \OML/cmm/m/it/10 b\/cmr/m/n/10 )[] = \OML/cmm/m/it/10 a[] \/cmr/m/n/10 + 3\OML/cmm/m/it/10 a[]b \/cmr/m/n/10 + 3\OML/cmm/m/it/10 ab[] \/cmr/m/n/10 + \OML/cmm/m/it/10 b[][]  \/cmr/m/n/10 = \OML/cmm/m/it/10 a[] \/cmr/m/n/10 + \OML/cmm/m/it/10 b[] \/cmr/m/n/10 + 3\OML/cmm/m/it/10 ab\/cmr/m/n/10 (\OML/cmm/m/it/10 a \/cmr/m/n/10 + \OML/cmm/m/it/10 b\/cmr/m/n/10 )[]
 []

/Users/karlkuhne/Projekte/dhsn-notes/wiki/SEM2/Scripts/LateX_Scripts/Mathematik/Mathematik.tex:191: Undefined control sequence.
l.191 \chapter
              {Griechische Buchstaben und Symbole}
The control sequence at the end of the top line
of your error message was never \def'ed. If you have
misspelled it (e.g., `\hobx'), type `I' and the correct
spelling (e.g., `I\hbox'). Otherwise just continue,
and I'll forget about whatever was undefined.

Missing character: There is no G in font nullfont!
Missing character: There is no r in font nullfont!
Missing character: There is no i in font nullfont!
Missing character: There is no e in font nullfont!
Missing character: There is no c in font nullfont!
Missing character: There is no h in font nullfont!
Missing character: There is no i in font nullfont!
Missing character: There is no s in font nullfont!
Missing character: There is no c in font nullfont!
Missing character: There is no h in font nullfont!
Missing character: There is no e in font nullfont!
Missing character: There is no B in font nullfont!
Missing character: There is no u in font nullfont!
Missing character: There is no c in font nullfont!
Missing character: There is no h in font nullfont!
Missing character: There is no s in font nullfont!
Missing character: There is no t in font nullfont!
Missing character: There is no a in font nullfont!
Missing character: There is no b in font nullfont!
Missing character: There is no e in font nullfont!
Missing character: There is no n in font nullfont!
Missing character: There is no u in font nullfont!
Missing character: There is no n in font nullfont!
Missing character: There is no d in font nullfont!
Missing character: There is no S in font nullfont!
Missing character: There is no y in font nullfont!
Missing character: There is no m in font nullfont!
Missing character: There is no b in font nullfont!
Missing character: There is no o in font nullfont!
Missing character: There is no l in font nullfont!
Missing character: There is no e in font nullfont!

Overfull \hbox (20.0pt too wide) in paragraph at lines 191--195
[]
 []

/Users/karlkuhne/Projekte/dhsn-notes/wiki/SEM2/Scripts/LateX_Scripts/Mathematik/Mathematik.tex:196: Undefined control sequence.
l.196 \section
              {Griechische Buchstaben}
The control sequence at the end of the top line
of your error message was never \def'ed. If you have
misspelled it (e.g., `\hobx'), type `I' and the correct
spelling (e.g., `I\hbox'). Otherwise just continue,
and I'll forget about whatever was undefined.

Missing character: There is no G in font nullfont!
Missing character: There is no r in font nullfont!
Missing character: There is no i in font nullfont!
Missing character: There is no e in font nullfont!
Missing character: There is no c in font nullfont!
Missing character: There is no h in font nullfont!
Missing character: There is no i in font nullfont!
Missing character: There is no s in font nullfont!
Missing character: There is no c in font nullfont!
Missing character: There is no h in font nullfont!
Missing character: There is no e in font nullfont!
Missing character: There is no B in font nullfont!
Missing character: There is no u in font nullfont!
Missing character: There is no c in font nullfont!
Missing character: There is no h in font nullfont!
Missing character: There is no s in font nullfont!
Missing character: There is no t in font nullfont!
Missing character: There is no a in font nullfont!
Missing character: There is no b in font nullfont!
Missing character: There is no e in font nullfont!
Missing character: There is no n in font nullfont!

Overfull \hbox (20.0pt too wide) in paragraph at lines 196--197
[]
 []


/Users/karlkuhne/Projekte/dhsn-notes/wiki/SEM2/Scripts/LateX_Scripts/Mathematik/Mathematik.tex:198: LaTeX Error: Environment align* undefined.

See the LaTeX manual or LaTeX Companion for explanation.
Type  H <return>  for immediate help.
 ...                                              
                                                  
l.198 \begin{align*}
                    
Your command was ignored.
Type  I <command> <return>  to replace it with another command,
or  <return>  to continue without it.

/Users/karlkuhne/Projekte/dhsn-notes/wiki/SEM2/Scripts/LateX_Scripts/Mathematik/Mathematik.tex:199: Misplaced alignment tab character &.
l.199     &
           \alpha \quad \beta \quad \gamma \quad \delta \quad \epsilon \quad...
I can't figure out why you would want to use a tab mark
here. If you just want an ampersand, the remedy is
simple: Just type `I\&' now. But if some right brace
up above has ended a previous alignment prematurely,
you're probably due for more error messages, and you
might try typing `S' now just to see what is salvageable.

/Users/karlkuhne/Projekte/dhsn-notes/wiki/SEM2/Scripts/LateX_Scripts/Mathematik/Mathematik.tex:199: Missing $ inserted.
<inserted text> 
                $
l.199     &\alpha
                  \quad \beta \quad \gamma \quad \delta \quad \epsilon \quad...
I've inserted a begin-math/end-math symbol since I think
you left one out. Proceed, with fingers crossed.

/Users/karlkuhne/Projekte/dhsn-notes/wiki/SEM2/Scripts/LateX_Scripts/Mathematik/Mathematik.tex:200: Misplaced alignment tab character &.
<recently read> &
                 
l.200     &
           \zeta \quad \eta \quad \theta \quad \vartheta \quad \iota \quad \...
I can't figure out why you would want to use a tab mark
here. If you just want an ampersand, the remedy is
simple: Just type `I\&' now. But if some right brace
up above has ended a previous alignment prematurely,
you're probably due for more error messages, and you
might try typing `S' now just to see what is salvageable.

/Users/karlkuhne/Projekte/dhsn-notes/wiki/SEM2/Scripts/LateX_Scripts/Mathematik/Mathematik.tex:201: Misplaced alignment tab character &.
<recently read> &
                 
l.201     &
           \lambda \quad \mu \quad \nu \quad \xi \quad \pi \quad \varpi \\
I can't figure out why you would want to use a tab mark
here. If you just want an ampersand, the remedy is
simple: Just type `I\&' now. But if some right brace
up above has ended a previous alignment prematurely,
you're probably due for more error messages, and you
might try typing `S' now just to see what is salvageable.

/Users/karlkuhne/Projekte/dhsn-notes/wiki/SEM2/Scripts/LateX_Scripts/Mathematik/Mathematik.tex:202: Misplaced alignment tab character &.
<recently read> &
                 
l.202     &
           \rho \quad \varrho \quad \sigma \quad \varsigma \quad \tau \quad ...
I can't figure out why you would want to use a tab mark
here. If you just want an ampersand, the remedy is
simple: Just type `I\&' now. But if some right brace
up above has ended a previous alignment prematurely,
you're probably due for more error messages, and you
might try typing `S' now just to see what is salvageable.

/Users/karlkuhne/Projekte/dhsn-notes/wiki/SEM2/Scripts/LateX_Scripts/Mathematik/Mathematik.tex:203: Misplaced alignment tab character &.
<recently read> &
                 
l.203     &
           \phi \quad \varphi \quad \chi \quad \psi \quad \omega \\
I can't figure out why you would want to use a tab mark
here. If you just want an ampersand, the remedy is
simple: Just type `I\&' now. But if some right brace
up above has ended a previous alignment prematurely,
you're probably due for more error messages, and you
might try typing `S' now just to see what is salvageable.

/Users/karlkuhne/Projekte/dhsn-notes/wiki/SEM2/Scripts/LateX_Scripts/Mathematik/Mathematik.tex:204: Misplaced alignment tab character &.
<recently read> &
                 
l.204     &
           \Gamma \quad \Delta \quad \Theta \quad \Lambda \quad \Xi \quad \P...
I can't figure out why you would want to use a tab mark
here. If you just want an ampersand, the remedy is
simple: Just type `I\&' now. But if some right brace
up above has ended a previous alignment prematurely,
you're probably due for more error messages, and you
might try typing `S' now just to see what is salvageable.

/Users/karlkuhne/Projekte/dhsn-notes/wiki/SEM2/Scripts/LateX_Scripts/Mathematik/Mathematik.tex:205: Misplaced alignment tab character &.
<recently read> &
                 
l.205     &
           \Sigma \quad \Upsilon \quad \Phi \quad \Psi \quad \Omega
I can't figure out why you would want to use a tab mark
here. If you just want an ampersand, the remedy is
simple: Just type `I\&' now. But if some right brace
up above has ended a previous alignment prematurely,
you're probably due for more error messages, and you
might try typing `S' now just to see what is salvageable.


/Users/karlkuhne/Projekte/dhsn-notes/wiki/SEM2/Scripts/LateX_Scripts/Mathematik/Mathematik.tex:206: LaTeX Error: \begin{document} ended by \end{align*}.

See the LaTeX manual or LaTeX Companion for explanation.
Type  H <return>  for immediate help.
 ...                                              
                                                  
l.206 \end{align*}
                  
Your command was ignored.
Type  I <command> <return>  to replace it with another command,
or  <return>  to continue without it.

/Users/karlkuhne/Projekte/dhsn-notes/wiki/SEM2/Scripts/LateX_Scripts/Mathematik/Mathematik.tex:206: Missing $ inserted.
<inserted text> 
                $
l.206 \end{align*}
                  
I've inserted something that you may have forgotten.
(See the <inserted text> above.)
With luck, this will get me unwedged. But if you
really didn't forget anything, try typing `2' now; then
my insertion and my current dilemma will both disappear.


Overfull \hbox (51.89603pt too wide) in paragraph at lines 199--207
[]$\OML/cmm/m/it/10  ^^L ^^M ^^N ^^O "[] 
 []


Overfull \hbox (30.62451pt too wide) in paragraph at lines 199--207
\OML/cmm/m/it/10 ^^P ^^Q ^^R # ^^S ^^T[] 
 []


Overfull \hbox (36.88844pt too wide) in paragraph at lines 199--207
\OML/cmm/m/it/10 ^^U ^^V ^^W ^^X ^^Y $[] 
 []


Overfull \hbox (32.10533pt too wide) in paragraph at lines 199--207
\OML/cmm/m/it/10 ^^Z % ^^[ & ^^\ ^^][] 
 []


Overfull \hbox (32.21294pt too wide) in paragraph at lines 199--207
\OML/cmm/m/it/10 ^^^ ' ^^_   ![] 
 []


Overfull \hbox (43.47232pt too wide) in paragraph at lines 199--207
\/cmr/m/n/10 ^^@ ^^A ^^B ^^C ^^D ^^E[] 
 []


Overfull \hbox (37.22229pt too wide) in paragraph at lines 199--207
\/cmr/m/n/10 ^^F ^^G ^^H 	 
$ 
 []

/Users/karlkuhne/Projekte/dhsn-notes/wiki/SEM2/Scripts/LateX_Scripts/Mathematik/Mathematik.tex:208: Undefined control sequence.
l.208 \section
              {Häufige Operatoren und Symbole}
The control sequence at the end of the top line
of your error message was never \def'ed. If you have
misspelled it (e.g., `\hobx'), type `I' and the correct
spelling (e.g., `I\hbox'). Otherwise just continue,
and I'll forget about whatever was undefined.

Missing character: There is no H in font nullfont!
Missing character: There is no u in font nullfont!
Missing character: There is no f in font nullfont!
Missing character: There is no i in font nullfont!
Missing character: There is no g in font nullfont!
Missing character: There is no e in font nullfont!
Missing character: There is no O in font nullfont!
Missing character: There is no p in font nullfont!
Missing character: There is no e in font nullfont!
Missing character: There is no r in font nullfont!
Missing character: There is no a in font nullfont!
Missing character: There is no t in font nullfont!
Missing character: There is no o in font nullfont!
Missing character: There is no r in font nullfont!
Missing character: There is no e in font nullfont!
Missing character: There is no n in font nullfont!
Missing character: There is no u in font nullfont!
Missing character: There is no n in font nullfont!
Missing character: There is no d in font nullfont!
Missing character: There is no S in font nullfont!
Missing character: There is no y in font nullfont!
Missing character: There is no m in font nullfont!
Missing character: There is no b in font nullfont!
Missing character: There is no o in font nullfont!
Missing character: There is no l in font nullfont!
Missing character: There is no e in font nullfont!

Overfull \hbox (25.00002pt too wide) in paragraph at lines 208--209
[]\/cmr/m/n/10 ^^?a
 []


Overfull \hbox (20.0pt too wide) in paragraph at lines 210--210
[][] 
 []

/Users/karlkuhne/Projekte/dhsn-notes/wiki/SEM2/Scripts/LateX_Scripts/Mathematik/Mathematik.tex:211: Undefined control sequence.
l.211     \forall \quad \exists \quad \nexists
                                               \quad \in \quad \notin \quad ...
The control sequence at the end of the top line
of your error message was never \def'ed. If you have
misspelled it (e.g., `\hobx'), type `I' and the correct
spelling (e.g., `I\hbox'). Otherwise just continue,
and I'll forget about whatever was undefined.


Overfull \hbox (42.77783pt too wide) detected at line 212
\OMS/cmtt/m/n/10 8 9   2 [] ^^Z ^^R
 []

/Users/karlkuhne/Projekte/dhsn-notes/wiki/SEM2/Scripts/LateX_Scripts/Mathematik/Mathematik.tex:214: Undefined control sequence.
l.214 ...d \setminus \quad \emptyset \quad \mathbb
                                                  {N} \quad \mathbb{Z} \quad...
The control sequence at the end of the top line
of your error message was never \def'ed. If you have
misspelled it (e.g., `\hobx'), type `I' and the correct
spelling (e.g., `I\hbox'). Otherwise just continue,
and I'll forget about whatever was undefined.

/Users/karlkuhne/Projekte/dhsn-notes/wiki/SEM2/Scripts/LateX_Scripts/Mathematik/Mathematik.tex:214: Undefined control sequence.
l.214 ... \emptyset \quad \mathbb{N} \quad \mathbb
                                                  {Z} \quad \mathbb{R}
The control sequence at the end of the top line
of your error message was never \def'ed. If you have
misspelled it (e.g., `\hobx'), type `I' and the correct
spelling (e.g., `I\hbox'). Otherwise just continue,
and I'll forget about whatever was undefined.

/Users/karlkuhne/Projekte/dhsn-notes/wiki/SEM2/Scripts/LateX_Scripts/Mathematik/Mathematik.tex:214: Undefined control sequence.
l.214 ...\mathbb{N} \quad \mathbb{Z} \quad \mathbb
                                                  {R}
The control sequence at the end of the top line
of your error message was never \def'ed. If you have
misspelled it (e.g., `\hobx'), type `I' and the correct
spelling (e.g., `I\hbox'). Otherwise just continue,
and I'll forget about whatever was undefined.


Overfull \hbox (47.6702pt too wide) detected at line 215
\OMS/cmtt/m/n/10 [  \  n ; \OML/cmm/m/it/10 N Z R
 []

/Users/karlkuhne/Projekte/dhsn-notes/wiki/SEM2/Scripts/LateX_Scripts/Mathematik/Mathematik.tex:217: Undefined control sequence.
l.217 ...\Leftrightarrow \quad \iff \quad \implies
                                                   \quad \approx \quad \equi...
The control sequence at the end of the top line
of your error message was never \def'ed. If you have
misspelled it (e.g., `\hobx'), type `I' and the correct
spelling (e.g., `I\hbox'). Otherwise just continue,
and I'll forget about whatever was undefined.


Overfull \hbox (67.22226pt too wide) detected at line 218
\OMS/cmtt/m/n/10 ) ,  ([])   ^^Y ^^Q 6\/cmr/m/n/10 =
 []


Overfull \hbox (56.11125pt too wide) detected at line 221
\OMS/cmtt/m/n/10 ^^T ^^U ^^\ ^^] / ? k
 []

/Users/karlkuhne/Projekte/dhsn-notes/wiki/SEM2/Scripts/LateX_Scripts/Mathematik/Mathematik.tex:223: Undefined control sequence.
l.223 \section
              {Pfeile}
The control sequence at the end of the top line
of your error message was never \def'ed. If you have
misspelled it (e.g., `\hobx'), type `I' and the correct
spelling (e.g., `I\hbox'). Otherwise just continue,
and I'll forget about whatever was undefined.

Missing character: There is no P in font nullfont!
Missing character: There is no f in font nullfont!
Missing character: There is no e in font nullfont!
Missing character: There is no i in font nullfont!
Missing character: There is no l in font nullfont!
Missing character: There is no e in font nullfont!

Overfull \hbox (20.0pt too wide) in paragraph at lines 223--224
[] 
 []


Overfull \hbox (20.0pt too wide) in paragraph at lines 225--225
[][] 
 []


Overfull \hbox (60.00009pt too wide) detected at line 228
\OMS/cmtt/m/n/10   ! ( ) $ ,
 []


Overfull \hbox (47.22241pt too wide) detected at line 231
\OMS/cmtt/m/n/10 7! 7[][]! \OML/cmm/m/it/10 ,[]\OMS/cmtt/m/n/10 ! " #
 []

/Users/karlkuhne/Projekte/dhsn-notes/wiki/SEM2/Scripts/LateX_Scripts/Mathematik/Mathematik.tex:234: Undefined control sequence.
l.234 \chapter
              {Auszüge und Theoreme}
The control sequence at the end of the top line
of your error message was never \def'ed. If you have
misspelled it (e.g., `\hobx'), type `I' and the correct
spelling (e.g., `I\hbox'). Otherwise just continue,
and I'll forget about whatever was undefined.

Missing character: There is no A in font nullfont!
Missing character: There is no u in font nullfont!
Missing character: There is no s in font nullfont!
Missing character: There is no z in font nullfont!
Missing character: There is no g in font nullfont!
Missing character: There is no e in font nullfont!
Missing character: There is no u in font nullfont!
Missing character: There is no n in font nullfont!
Missing character: There is no d in font nullfont!
Missing character: There is no T in font nullfont!
Missing character: There is no h in font nullfont!
Missing character: There is no e in font nullfont!
Missing character: There is no o in font nullfont!
Missing character: There is no r in font nullfont!
Missing character: There is no e in font nullfont!
Missing character: There is no m in font nullfont!
Missing character: There is no e in font nullfont!

Overfull \hbox (25.55557pt too wide) in paragraph at lines 234--238
[]\/cmr/m/n/10 ^^?u
 []

/Users/karlkuhne/Projekte/dhsn-notes/wiki/SEM2/Scripts/LateX_Scripts/Mathematik/Mathematik.tex:239: Undefined control sequence.
l.239 \section
              {Mathematische Umgebungen}
The control sequence at the end of the top line
of your error message was never \def'ed. If you have
misspelled it (e.g., `\hobx'), type `I' and the correct
spelling (e.g., `I\hbox'). Otherwise just continue,
and I'll forget about whatever was undefined.

Missing character: There is no M in font nullfont!
Missing character: There is no a in font nullfont!
Missing character: There is no t in font nullfont!
Missing character: There is no h in font nullfont!
Missing character: There is no e in font nullfont!
Missing character: There is no m in font nullfont!
Missing character: There is no a in font nullfont!
Missing character: There is no t in font nullfont!
Missing character: There is no i in font nullfont!
Missing character: There is no s in font nullfont!
Missing character: There is no c in font nullfont!
Missing character: There is no h in font nullfont!
Missing character: There is no e in font nullfont!
Missing character: There is no U in font nullfont!
Missing character: There is no m in font nullfont!
Missing character: There is no g in font nullfont!
Missing character: There is no e in font nullfont!
Missing character: There is no b in font nullfont!
Missing character: There is no u in font nullfont!
Missing character: There is no n in font nullfont!
Missing character: There is no g in font nullfont!
Missing character: There is no e in font nullfont!
Missing character: There is no n in font nullfont!

Overfull \hbox (20.0pt too wide) in paragraph at lines 239--240
[]
 []


/Users/karlkuhne/Projekte/dhsn-notes/wiki/SEM2/Scripts/LateX_Scripts/Mathematik/Mathematik.tex:241: LaTeX Error: Environment definition undefined.

See the LaTeX manual or LaTeX Companion for explanation.
Type  H <return>  for immediate help.
 ...                                              
                                                  
l.241 \begin{definition}
                        
Your command was ignored.
Type  I <command> <return>  to replace it with another command,
or  <return>  to continue without it.

Missing character: There is no E in font nullfont!
Missing character: There is no i in font nullfont!
Missing character: There is no n in font nullfont!
Missing character: There is no e in font nullfont!
Missing character: There is no F in font nullfont!
Missing character: There is no u in font nullfont!
Missing character: There is no n in font nullfont!
Missing character: There is no k in font nullfont!
Missing character: There is no t in font nullfont!
Missing character: There is no i in font nullfont!
Missing character: There is no o in font nullfont!
Missing character: There is no n in font nullfont!
/Users/karlkuhne/Projekte/dhsn-notes/wiki/SEM2/Scripts/LateX_Scripts/Mathematik/Mathematik.tex:242: Undefined control sequence.
l.242 Eine Funktion $f\colon \mathbb
                                    {R} \to \mathbb{R}$ heißt \emph{stetig}
The control sequence at the end of the top line
of your error message was never \def'ed. If you have
misspelled it (e.g., `\hobx'), type `I' and the correct
spelling (e.g., `I\hbox'). Otherwise just continue,
and I'll forget about whatever was undefined.

/Users/karlkuhne/Projekte/dhsn-notes/wiki/SEM2/Scripts/LateX_Scripts/Mathematik/Mathematik.tex:242: Undefined control sequence.
l.242 ... Funktion $f\colon \mathbb{R} \to \mathbb
                                                  {R}$ heißt \emph{stetig}
The control sequence at the end of the top line
of your error message was never \def'ed. If you have
misspelled it (e.g., `\hobx'), type `I' and the correct
spelling (e.g., `I\hbox'). Otherwise just continue,
and I'll forget about whatever was undefined.

Missing character: There is no h in font nullfont!
Missing character: There is no e in font nullfont!
Missing character: There is no i in font nullfont!
Missing character: There is no t in font nullfont!
Missing character: There is no a in font nullfont!
Missing character: There is no n in font nullfont!
Missing character: There is no d in font nullfont!
Missing character: There is no e in font nullfont!
Missing character: There is no r in font nullfont!
Missing character: There is no S in font nullfont!
Missing character: There is no t in font nullfont!
Missing character: There is no e in font nullfont!
Missing character: There is no l in font nullfont!
Missing character: There is no l in font nullfont!
Missing character: There is no e in font nullfont!
Missing character: There is no , in font nullfont!
Missing character: There is no w in font nullfont!
Missing character: There is no e in font nullfont!
Missing character: There is no n in font nullfont!
Missing character: There is no n in font nullfont!
Missing character: There is no g in font nullfont!
Missing character: There is no i in font nullfont!
Missing character: There is no l in font nullfont!
Missing character: There is no t in font nullfont!
Missing character: There is no : in font nullfont!

Overfull \hbox (20.0pt too wide) in paragraph at lines 242--244
[]
 []


Overfull \hbox (30.86455pt too wide) in paragraph at lines 242--244
\OML/cmm/m/it/10 f\/cmr/m/n/10 : \OML/cmm/m/it/10 R \OMS/cmtt/m/n/10 !
 []


Overfull \hbox (7.67015pt too wide) in paragraph at lines 242--244
\OML/cmm/m/it/10 R$
 []


Overfull \hbox (5.00002pt too wide) in paragraph at lines 242--244
\/cmr/m/n/10 ^^Y
 []


Overfull \hbox (22.99982pt too wide) in paragraph at lines 242--244
\OT1/cmr/m/it/10 stetig
 []


Overfull \hbox (10.2014pt too wide) in paragraph at lines 242--244
\OML/cmm/m/it/10 x[]$
 []


Overfull \hbox (79.36118pt too wide) detected at line 246
[] \OML/cmm/m/it/10 f\/cmr/m/n/10 (\OML/cmm/m/it/10 x\/cmr/m/n/10 ) = \OML/cmm/m/it/10 f\/cmr/m/n/10 (\OML/cmm/m/it/10 x[]\/cmr/m/n/10 )
 []


/Users/karlkuhne/Projekte/dhsn-notes/wiki/SEM2/Scripts/LateX_Scripts/Mathematik/Mathematik.tex:247: LaTeX Error: \begin{document} ended by \end{definition}.

See the LaTeX manual or LaTeX Companion for explanation.
Type  H <return>  for immediate help.
 ...                                              
                                                  
l.247 \end{definition}
                      
Your command was ignored.
Type  I <command> <return>  to replace it with another command,
or  <return>  to continue without it.


/Users/karlkuhne/Projekte/dhsn-notes/wiki/SEM2/Scripts/LateX_Scripts/Mathematik/Mathematik.tex:249: LaTeX Error: Environment satz undefined.

See the LaTeX manual or LaTeX Companion for explanation.
Type  H <return>  for immediate help.
 ...                                              
                                                  
l.249 \begin{satz}
                  [Satz von Pythagoras]
Your command was ignored.
Type  I <command> <return>  to replace it with another command,
or  <return>  to continue without it.

Missing character: There is no [ in font nullfont!
Missing character: There is no S in font nullfont!
Missing character: There is no a in font nullfont!
Missing character: There is no t in font nullfont!
Missing character: There is no z in font nullfont!
Missing character: There is no v in font nullfont!
Missing character: There is no o in font nullfont!
Missing character: There is no n in font nullfont!
Missing character: There is no P in font nullfont!
Missing character: There is no y in font nullfont!
Missing character: There is no t in font nullfont!
Missing character: There is no h in font nullfont!
Missing character: There is no a in font nullfont!
Missing character: There is no g in font nullfont!
Missing character: There is no o in font nullfont!
Missing character: There is no r in font nullfont!
Missing character: There is no a in font nullfont!
Missing character: There is no s in font nullfont!
Missing character: There is no ] in font nullfont!
Missing character: There is no I in font nullfont!
Missing character: There is no n in font nullfont!
Missing character: There is no e in font nullfont!
Missing character: There is no i in font nullfont!
Missing character: There is no n in font nullfont!
Missing character: There is no e in font nullfont!
Missing character: There is no m in font nullfont!
Missing character: There is no r in font nullfont!
Missing character: There is no e in font nullfont!
Missing character: There is no c in font nullfont!
Missing character: There is no h in font nullfont!
Missing character: There is no t in font nullfont!
Missing character: There is no w in font nullfont!
Missing character: There is no i in font nullfont!
Missing character: There is no n in font nullfont!
Missing character: There is no k in font nullfont!
Missing character: There is no l in font nullfont!
Missing character: There is no i in font nullfont!
Missing character: There is no g in font nullfont!
Missing character: There is no e in font nullfont!
Missing character: There is no n in font nullfont!
Missing character: There is no D in font nullfont!
Missing character: There is no r in font nullfont!
Missing character: There is no e in font nullfont!
Missing character: There is no i in font nullfont!
Missing character: There is no e in font nullfont!
Missing character: There is no c in font nullfont!
Missing character: There is no k in font nullfont!
Missing character: There is no m in font nullfont!
Missing character: There is no i in font nullfont!
Missing character: There is no t in font nullfont!
Missing character: There is no d in font nullfont!
Missing character: There is no e in font nullfont!
Missing character: There is no n in font nullfont!
Missing character: There is no K in font nullfont!
Missing character: There is no a in font nullfont!
Missing character: There is no t in font nullfont!
Missing character: There is no h in font nullfont!
Missing character: There is no e in font nullfont!
Missing character: There is no t in font nullfont!
Missing character: There is no e in font nullfont!
Missing character: There is no n in font nullfont!
Missing character: There is no u in font nullfont!
Missing character: There is no n in font nullfont!
Missing character: There is no d in font nullfont!
Missing character: There is no u in font nullfont!
Missing character: There is no n in font nullfont!
Missing character: There is no d in font nullfont!
Missing character: There is no d in font nullfont!
Missing character: There is no e in font nullfont!
Missing character: There is no r in font nullfont!
Missing character: There is no H in font nullfont!
Missing character: There is no y in font nullfont!
Missing character: There is no p in font nullfont!
Missing character: There is no o in font nullfont!
Missing character: There is no t in font nullfont!
Missing character: There is no e in font nullfont!
Missing character: There is no n in font nullfont!
Missing character: There is no u in font nullfont!
Missing character: There is no s in font nullfont!
Missing character: There is no e in font nullfont!
Missing character: There is no g in font nullfont!
Missing character: There is no i in font nullfont!
Missing character: There is no l in font nullfont!
Missing character: There is no t in font nullfont!
Missing character: There is no : in font nullfont!

Overfull \hbox (20.0pt too wide) in paragraph at lines 249--252
[]
 []


Overfull \hbox (5.28589pt too wide) in paragraph at lines 249--252
\OML/cmm/m/it/10 a$
 []


Overfull \hbox (4.29166pt too wide) in paragraph at lines 249--252
\OML/cmm/m/it/10 b$
 []


Overfull \hbox (4.32756pt too wide) in paragraph at lines 249--252
\OML/cmm/m/it/10 c$
 []


Overfull \hbox (48.47452pt too wide) detected at line 254
\OML/cmm/m/it/10 a[] \/cmr/m/n/10 + \OML/cmm/m/it/10 b[] \/cmr/m/n/10 = \OML/cmm/m/it/10 c[]
 []


/Users/karlkuhne/Projekte/dhsn-notes/wiki/SEM2/Scripts/LateX_Scripts/Mathematik/Mathematik.tex:255: LaTeX Error: \begin{document} ended by \end{satz}.

See the LaTeX manual or LaTeX Companion for explanation.
Type  H <return>  for immediate help.
 ...                                              
                                                  
l.255 \end{satz}
                
Your command was ignored.
Type  I <command> <return>  to replace it with another command,
or  <return>  to continue without it.

/Users/karlkuhne/Projekte/dhsn-notes/wiki/SEM2/Scripts/LateX_Scripts/Mathematik/Mathematik.tex:257: Undefined control sequence.
l.257 \section
              {Beweisumgebung}
The control sequence at the end of the top line
of your error message was never \def'ed. If you have
misspelled it (e.g., `\hobx'), type `I' and the correct
spelling (e.g., `I\hbox'). Otherwise just continue,
and I'll forget about whatever was undefined.

Missing character: There is no B in font nullfont!
Missing character: There is no e in font nullfont!
Missing character: There is no w in font nullfont!
Missing character: There is no e in font nullfont!
Missing character: There is no i in font nullfont!
Missing character: There is no s in font nullfont!
Missing character: There is no u in font nullfont!
Missing character: There is no m in font nullfont!
Missing character: There is no g in font nullfont!
Missing character: There is no e in font nullfont!
Missing character: There is no b in font nullfont!
Missing character: There is no u in font nullfont!
Missing character: There is no n in font nullfont!
Missing character: There is no g in font nullfont!

Overfull \hbox (20.0pt too wide) in paragraph at lines 257--258
[] 
 []


/Users/karlkuhne/Projekte/dhsn-notes/wiki/SEM2/Scripts/LateX_Scripts/Mathematik/Mathematik.tex:259: LaTeX Error: Environment beweis undefined.

See the LaTeX manual or LaTeX Companion for explanation.
Type  H <return>  for immediate help.
 ...                                              
                                                  
l.259 \begin{beweis}
                    
Your command was ignored.
Type  I <command> <return>  to replace it with another command,
or  <return>  to continue without it.

Missing character: There is no S in font nullfont!
Missing character: There is no e in font nullfont!
Missing character: There is no i in font nullfont!
Missing character: There is no e in font nullfont!
Missing character: There is no i in font nullfont!
Missing character: There is no n in font nullfont!
Missing character: There is no r in font nullfont!
Missing character: There is no e in font nullfont!
Missing character: There is no c in font nullfont!
Missing character: There is no h in font nullfont!
Missing character: There is no t in font nullfont!
Missing character: There is no w in font nullfont!
Missing character: There is no i in font nullfont!
Missing character: There is no n in font nullfont!
Missing character: There is no k in font nullfont!
Missing character: There is no l in font nullfont!
Missing character: There is no i in font nullfont!
Missing character: There is no g in font nullfont!
Missing character: There is no e in font nullfont!
Missing character: There is no s in font nullfont!
Missing character: There is no D in font nullfont!
Missing character: There is no r in font nullfont!
Missing character: There is no e in font nullfont!
Missing character: There is no i in font nullfont!
Missing character: There is no e in font nullfont!
Missing character: There is no c in font nullfont!
Missing character: There is no k in font nullfont!
Missing character: There is no m in font nullfont!
Missing character: There is no i in font nullfont!
Missing character: There is no t in font nullfont!
Missing character: There is no d in font nullfont!
Missing character: There is no e in font nullfont!
Missing character: There is no m in font nullfont!
Missing character: There is no r in font nullfont!
Missing character: There is no e in font nullfont!
Missing character: There is no c in font nullfont!
Missing character: There is no h in font nullfont!
Missing character: There is no t in font nullfont!
Missing character: There is no e in font nullfont!
Missing character: There is no n in font nullfont!
Missing character: There is no W in font nullfont!
Missing character: There is no i in font nullfont!
Missing character: There is no n in font nullfont!
Missing character: There is no k in font nullfont!
Missing character: There is no e in font nullfont!
Missing character: There is no l in font nullfont!
Missing character: There is no b in font nullfont!
Missing character: There is no e in font nullfont!
Missing character: There is no i in font nullfont!
Missing character: There is no . in font nullfont!
Missing character: There is no D in font nullfont!
Missing character: There is no a in font nullfont!
Missing character: There is no n in font nullfont!
Missing character: There is no n in font nullfont!
Missing character: There is no g in font nullfont!
Missing character: There is no i in font nullfont!
Missing character: There is no l in font nullfont!
Missing character: There is no t in font nullfont!
Missing character: There is no n in font nullfont!
Missing character: There is no a in font nullfont!
Missing character: There is no c in font nullfont!
Missing character: There is no h in font nullfont!
Missing character: There is no d in font nullfont!
Missing character: There is no e in font nullfont!
Missing character: There is no m in font nullfont!
Missing character: There is no K in font nullfont!
Missing character: There is no a in font nullfont!
Missing character: There is no t in font nullfont!
Missing character: There is no h in font nullfont!
Missing character: There is no e in font nullfont!
Missing character: There is no t in font nullfont!
Missing character: There is no e in font nullfont!
Missing character: There is no n in font nullfont!
Missing character: There is no s in font nullfont!
Missing character: There is no a in font nullfont!
Missing character: There is no t in font nullfont!
Missing character: There is no z in font nullfont!
Missing character: There is no d in font nullfont!
Missing character: There is no i in font nullfont!
Missing character: There is no e in font nullfont!
Missing character: There is no B in font nullfont!
Missing character: There is no e in font nullfont!
Missing character: There is no h in font nullfont!
Missing character: There is no a in font nullfont!
Missing character: There is no u in font nullfont!
Missing character: There is no p in font nullfont!
Missing character: There is no t in font nullfont!
Missing character: There is no u in font nullfont!
Missing character: There is no n in font nullfont!
Missing character: There is no g in font nullfont!
Missing character: There is no . in font nullfont!

/Users/karlkuhne/Projekte/dhsn-notes/wiki/SEM2/Scripts/LateX_Scripts/Mathematik/Mathematik.tex:262: LaTeX Error: \begin{document} ended by \end{beweis}.

See the LaTeX manual or LaTeX Companion for explanation.
Type  H <return>  for immediate help.
 ...                                              
                                                  
l.262 \end{beweis}
                  
Your command was ignored.
Type  I <command> <return>  to replace it with another command,
or  <return>  to continue without it.


Overfull \hbox (20.0pt too wide) in paragraph at lines 260--263
[]
 []


Overfull \hbox (23.44931pt too wide) in paragraph at lines 260--263
\OML/cmm/m/it/10 ABC$
 []


Overfull \hbox (7.86249pt too wide) in paragraph at lines 260--263
\OML/cmm/m/it/10 C$
 []

/Users/karlkuhne/Projekte/dhsn-notes/wiki/SEM2/Scripts/LateX_Scripts/Mathematik/Mathematik.tex:265: Undefined control sequence.
l.265 \chapter
              {Referenzen auf Gleichungen}
The control sequence at the end of the top line
of your error message was never \def'ed. If you have
misspelled it (e.g., `\hobx'), type `I' and the correct
spelling (e.g., `I\hbox'). Otherwise just continue,
and I'll forget about whatever was undefined.

Missing character: There is no R in font nullfont!
Missing character: There is no e in font nullfont!
Missing character: There is no f in font nullfont!
Missing character: There is no e in font nullfont!
Missing character: There is no r in font nullfont!
Missing character: There is no e in font nullfont!
Missing character: There is no n in font nullfont!
Missing character: There is no z in font nullfont!
Missing character: There is no e in font nullfont!
Missing character: There is no n in font nullfont!
Missing character: There is no a in font nullfont!
Missing character: There is no u in font nullfont!
Missing character: There is no f in font nullfont!
Missing character: There is no G in font nullfont!
Missing character: There is no l in font nullfont!
Missing character: There is no e in font nullfont!
Missing character: There is no i in font nullfont!
Missing character: There is no c in font nullfont!
Missing character: There is no h in font nullfont!
Missing character: There is no u in font nullfont!
Missing character: There is no n in font nullfont!
Missing character: There is no g in font nullfont!
Missing character: There is no e in font nullfont!
Missing character: There is no n in font nullfont!

Overfull \hbox (20.0pt too wide) in paragraph at lines 265--269
[]
 []

Missing character: There is no W in font nullfont!
Missing character: There is no i in font nullfont!
Missing character: There is no e in font nullfont!
Missing character: There is no i in font nullfont!
Missing character: There is no n in font nullfont!
Missing character: There is no d in font nullfont!
Missing character: There is no e in font nullfont!
Missing character: There is no n in font nullfont!
Missing character: There is no v in font nullfont!
Missing character: There is no o in font nullfont!
Missing character: There is no r in font nullfont!
Missing character: There is no h in font nullfont!
Missing character: There is no e in font nullfont!
Missing character: There is no r in font nullfont!
Missing character: There is no i in font nullfont!
Missing character: There is no g in font nullfont!
Missing character: There is no e in font nullfont!
Missing character: There is no n in font nullfont!
Missing character: There is no A in font nullfont!
Missing character: There is no b in font nullfont!
Missing character: There is no s in font nullfont!
Missing character: There is no c in font nullfont!
Missing character: There is no h in font nullfont!
Missing character: There is no n in font nullfont!
Missing character: There is no i in font nullfont!
Missing character: There is no t in font nullfont!
Missing character: There is no t in font nullfont!
Missing character: There is no e in font nullfont!
Missing character: There is no n in font nullfont!
Missing character: There is no g in font nullfont!
Missing character: There is no e in font nullfont!
Missing character: There is no z in font nullfont!
Missing character: There is no e in font nullfont!
Missing character: There is no i in font nullfont!
Missing character: There is no g in font nullfont!
Missing character: There is no t in font nullfont!
Missing character: There is no , in font nullfont!
Missing character: There is no l in font nullfont!
Missing character: There is no a in font nullfont!
Missing character: There is no s in font nullfont!
Missing character: There is no s in font nullfont!
Missing character: There is no e in font nullfont!
Missing character: There is no n in font nullfont!
Missing character: There is no s in font nullfont!
Missing character: There is no i in font nullfont!
Missing character: There is no c in font nullfont!
Missing character: There is no h in font nullfont!
Missing character: There is no G in font nullfont!
Missing character: There is no l in font nullfont!
Missing character: There is no e in font nullfont!
Missing character: There is no i in font nullfont!
Missing character: There is no c in font nullfont!
Missing character: There is no h in font nullfont!
Missing character: There is no u in font nullfont!
Missing character: There is no n in font nullfont!
Missing character: There is no g in font nullfont!
Missing character: There is no e in font nullfont!
Missing character: There is no n in font nullfont!
Missing character: There is no r in font nullfont!
Missing character: There is no e in font nullfont!
Missing character: There is no f in font nullfont!
Missing character: There is no e in font nullfont!
Missing character: There is no r in font nullfont!
Missing character: There is no e in font nullfont!
Missing character: There is no n in font nullfont!
Missing character: There is no z in font nullfont!
Missing character: There is no i in font nullfont!
Missing character: There is no e in font nullfont!
Missing character: There is no r in font nullfont!
Missing character: There is no e in font nullfont!
Missing character: There is no n in font nullfont!
Missing character: There is no : in font nullfont!

Overfull \hbox (20.0pt too wide) in paragraph at lines 270--272
[]
 []


Overfull \hbox (20.0pt too wide) in paragraph at lines 273--273
[] 
 []

Missing character: There is no G in font nullfont!
Missing character: There is no l in font nullfont!
Missing character: There is no e in font nullfont!
Missing character: There is no i in font nullfont!
Missing character: There is no c in font nullfont!
Missing character: There is no h in font nullfont!
Missing character: There is no u in font nullfont!
Missing character: There is no n in font nullfont!
Missing character: There is no g in font nullfont!
/Users/karlkuhne/Projekte/dhsn-notes/wiki/SEM2/Scripts/LateX_Scripts/Mathematik/Mathematik.tex:274: Undefined control sequence.
<write> ...rence `eq:pythagoras' on page \thepage 
                                                  \space undefined\on@line .
l.274     \item Gleichung~\ref{eq:pythagoras}
                                             : Der Satz des Pythagoras
The control sequence at the end of the top line
of your error message was never \def'ed. If you have
misspelled it (e.g., `\hobx'), type `I' and the correct
spelling (e.g., `I\hbox'). Otherwise just continue,
and I'll forget about whatever was undefined.


LaTeX Warning: Reference `eq:pythagoras' on page  undefined on input line 274.

Missing character: There is no : in font nullfont!
Missing character: There is no D in font nullfont!
Missing character: There is no e in font nullfont!
Missing character: There is no r in font nullfont!
Missing character: There is no S in font nullfont!
Missing character: There is no a in font nullfont!
Missing character: There is no t in font nullfont!
Missing character: There is no z in font nullfont!
Missing character: There is no d in font nullfont!
Missing character: There is no e in font nullfont!
Missing character: There is no s in font nullfont!
Missing character: There is no P in font nullfont!
Missing character: There is no y in font nullfont!
Missing character: There is no t in font nullfont!
Missing character: There is no h in font nullfont!
Missing character: There is no a in font nullfont!
Missing character: There is no g in font nullfont!
Missing character: There is no o in font nullfont!
Missing character: There is no r in font nullfont!
Missing character: There is no a in font nullfont!
Missing character: There is no s in font nullfont!

Overfull \hbox (10.86105pt too wide) in paragraph at lines 274--275
[]
 []

Missing character: There is no G in font nullfont!
Missing character: There is no l in font nullfont!
Missing character: There is no e in font nullfont!
Missing character: There is no i in font nullfont!
Missing character: There is no c in font nullfont!
Missing character: There is no h in font nullfont!
Missing character: There is no u in font nullfont!
Missing character: There is no n in font nullfont!
Missing character: There is no g in font nullfont!
/Users/karlkuhne/Projekte/dhsn-notes/wiki/SEM2/Scripts/LateX_Scripts/Mathematik/Mathematik.tex:275: Undefined control sequence.
<write> ...ence `eq:kettenbruch' on page \thepage 
                                                  \space undefined\on@line .
l.275     \item Gleichung~\ref{eq:kettenbruch}
                                              : Ein Kettenbruch
The control sequence at the end of the top line
of your error message was never \def'ed. If you have
misspelled it (e.g., `\hobx'), type `I' and the correct
spelling (e.g., `I\hbox'). Otherwise just continue,
and I'll forget about whatever was undefined.


LaTeX Warning: Reference `eq:kettenbruch' on page  undefined on input line 275.

Missing character: There is no : in font nullfont!
Missing character: There is no E in font nullfont!
Missing character: There is no i in font nullfont!
Missing character: There is no n in font nullfont!
Missing character: There is no K in font nullfont!
Missing character: There is no e in font nullfont!
Missing character: There is no t in font nullfont!
Missing character: There is no t in font nullfont!
Missing character: There is no e in font nullfont!
Missing character: There is no n in font nullfont!
Missing character: There is no b in font nullfont!
Missing character: There is no r in font nullfont!
Missing character: There is no u in font nullfont!
Missing character: There is no c in font nullfont!
Missing character: There is no h in font nullfont!

Overfull \hbox (10.86105pt too wide) in paragraph at lines 275--276
[] 
 []


/Users/karlkuhne/Projekte/dhsn-notes/wiki/SEM2/Scripts/LateX_Scripts/Mathematik/Mathematik.tex:276: LaTeX Error: The font size command \normalsize is not defined:
               there is probably something wrong with the class file.

See the LaTeX manual or LaTeX Companion for explanation.
Type  H <return>  for immediate help.
 ...                                              
                                                  
l.276     \item G
                 leichungen~\ref{eq:binom1}--\ref{eq:binom3}: Binomische For...
Your command was ignored.
Type  I <command> <return>  to replace it with another command,
or  <return>  to continue without it.

[1
/Users/karlkuhne/Projekte/dhsn-notes/wiki/SEM2/Scripts/LateX_Scripts/Mathematik/Mathematik.tex:276: Undefined control sequence.
<write> \newlabel{sec:modi}{{}{\thepage 
                                        }{}{}{}}
l.276     \item G
                 leichungen~\ref{eq:binom1}--\ref{eq:binom3}: Binomische For...
The control sequence at the end of the top line
of your error message was never \def'ed. If you have
misspelled it (e.g., `\hobx'), type `I' and the correct
spelling (e.g., `I\hbox'). Otherwise just continue,
and I'll forget about whatever was undefined.

\newlabel{sec:modi}{{}{}{}{}{}}
{/usr/local/texlive/2026/texmf-var/fonts/map/pdftex/updmap/pdftex.map}{/usr/local/texlive/2026/texmf-dist/fonts/enc/dvips/cm-super/cm-super-ts1.enc}
/Users/karlkuhne/Projekte/dhsn-notes/wiki/SEM2/Scripts/LateX_Scripts/Mathematik/Mathematik.tex:276: Undefined control sequence.
<write> \newlabel{eq:pythagoras}{{1}{\thepage 
                                              }{}{equation.1}{}}
l.276     \item G
                 leichungen~\ref{eq:binom1}--\ref{eq:binom3}: Binomische For...
The control sequence at the end of the top line
of your error message was never \def'ed. If you have
misspelled it (e.g., `\hobx'), type `I' and the correct
spelling (e.g., `I\hbox'). Otherwise just continue,
and I'll forget about whatever was undefined.

\newlabel{eq:pythagoras}{{1}{}{}{equation.1}{}}
/Users/karlkuhne/Projekte/dhsn-notes/wiki/SEM2/Scripts/LateX_Scripts/Mathematik/Mathematik.tex:276: Undefined control sequence.
<write> \newlabel{sec:stellen}{{}{\thepage 
                                           }{}{equation.1}{}}
l.276     \item G
                 leichungen~\ref{eq:binom1}--\ref{eq:binom3}: Binomische For...
The control sequence at the end of the top line
of your error message was never \def'ed. If you have
misspelled it (e.g., `\hobx'), type `I' and the correct
spelling (e.g., `I\hbox'). Otherwise just continue,
and I'll forget about whatever was undefined.

\newlabel{sec:stellen}{{}{}{}{equation.1}{}}
/Users/karlkuhne/Projekte/dhsn-notes/wiki/SEM2/Scripts/LateX_Scripts/Mathematik/Mathematik.tex:276: Undefined control sequence.
<write> \newlabel{sec:brueche}{{}{\thepage 
                                           }{}{equation.1}{}}
l.276     \item G
                 leichungen~\ref{eq:binom1}--\ref{eq:binom3}: Binomische For...
The control sequence at the end of the top line
of your error message was never \def'ed. If you have
misspelled it (e.g., `\hobx'), type `I' and the correct
spelling (e.g., `I\hbox'). Otherwise just continue,
and I'll forget about whatever was undefined.

\newlabel{sec:brueche}{{}{}{}{equation.1}{}}
/Users/karlkuhne/Projekte/dhsn-notes/wiki/SEM2/Scripts/LateX_Scripts/Mathematik/Mathematik.tex:276: Undefined control sequence.
<write> \newlabel{eq:brucharten}{{2}{\thepage 
                                              }{}{equation.2}{}}
l.276     \item G
                 leichungen~\ref{eq:binom1}--\ref{eq:binom3}: Binomische For...
The control sequence at the end of the top line
of your error message was never \def'ed. If you have
misspelled it (e.g., `\hobx'), type `I' and the correct
spelling (e.g., `I\hbox'). Otherwise just continue,
and I'll forget about whatever was undefined.

\newlabel{eq:brucharten}{{2}{}{}{equation.2}{}}
/Users/karlkuhne/Projekte/dhsn-notes/wiki/SEM2/Scripts/LateX_Scripts/Mathematik/Mathematik.tex:276: Undefined control sequence.
<write> \newlabel{eq:kettenbruch}{{3}{\thepage 
                                               }{}{equation.3}{}}
l.276     \item G
                 leichungen~\ref{eq:binom1}--\ref{eq:binom3}: Binomische For...
The control sequence at the end of the top line
of your error message was never \def'ed. If you have
misspelled it (e.g., `\hobx'), type `I' and the correct
spelling (e.g., `I\hbox'). Otherwise just continue,
and I'll forget about whatever was undefined.

\newlabel{eq:kettenbruch}{{3}{}{}{equation.3}{}}
/Users/karlkuhne/Projekte/dhsn-notes/wiki/SEM2/Scripts/LateX_Scripts/Mathematik/Mathematik.tex:276: Undefined control sequence.
<write> \newlabel{sec:matrizen}{{}{\thepage 
                                            }{}{equation.3}{}}
l.276     \item G
                 leichungen~\ref{eq:binom1}--\ref{eq:binom3}: Binomische For...
The control sequence at the end of the top line
of your error message was never \def'ed. If you have
misspelled it (e.g., `\hobx'), type `I' and the correct
spelling (e.g., `I\hbox'). Otherwise just continue,
and I'll forget about whatever was undefined.

\newlabel{sec:matrizen}{{}{}{}{equation.3}{}}
/Users/karlkuhne/Projekte/dhsn-notes/wiki/SEM2/Scripts/LateX_Scripts/Mathematik/Mathematik.tex:276: Undefined control sequence.
<write> \newlabel{sec:mehrzeilig}{{}{\thepage 
                                              }{}{equation.3}{}}
l.276     \item G
                 leichungen~\ref{eq:binom1}--\ref{eq:binom3}: Binomische For...
The control sequence at the end of the top line
of your error message was never \def'ed. If you have
misspelled it (e.g., `\hobx'), type `I' and the correct
spelling (e.g., `I\hbox'). Otherwise just continue,
and I'll forget about whatever was undefined.

\newlabel{sec:mehrzeilig}{{}{}{}{equation.3}{}}
/Users/karlkuhne/Projekte/dhsn-notes/wiki/SEM2/Scripts/LateX_Scripts/Mathematik/Mathematik.tex:276: Undefined control sequence.
<write> \newlabel{eq:binom1}{{}{\thepage 
                                         }{}{equation.3}{}}
l.276     \item G
                 leichungen~\ref{eq:binom1}--\ref{eq:binom3}: Binomische For...
The control sequence at the end of the top line
of your error message was never \def'ed. If you have
misspelled it (e.g., `\hobx'), type `I' and the correct
spelling (e.g., `I\hbox'). Otherwise just continue,
and I'll forget about whatever was undefined.

\newlabel{eq:binom1}{{}{}{}{equation.3}{}}
/Users/karlkuhne/Projekte/dhsn-notes/wiki/SEM2/Scripts/LateX_Scripts/Mathematik/Mathematik.tex:276: Undefined control sequence.
<write> \newlabel{eq:binom2}{{}{\thepage 
                                         }{}{equation.3}{}}
l.276     \item G
                 leichungen~\ref{eq:binom1}--\ref{eq:binom3}: Binomische For...
The control sequence at the end of the top line
of your error message was never \def'ed. If you have
misspelled it (e.g., `\hobx'), type `I' and the correct
spelling (e.g., `I\hbox'). Otherwise just continue,
and I'll forget about whatever was undefined.

\newlabel{eq:binom2}{{}{}{}{equation.3}{}}
/Users/karlkuhne/Projekte/dhsn-notes/wiki/SEM2/Scripts/LateX_Scripts/Mathematik/Mathematik.tex:276: Undefined control sequence.
<write> \newlabel{eq:binom3}{{}{\thepage 
                                         }{}{equation.3}{}}
l.276     \item G
                 leichungen~\ref{eq:binom1}--\ref{eq:binom3}: Binomische For...
The control sequence at the end of the top line
of your error message was never \def'ed. If you have
misspelled it (e.g., `\hobx'), type `I' and the correct
spelling (e.g., `I\hbox'). Otherwise just continue,
and I'll forget about whatever was undefined.

\newlabel{eq:binom3}{{}{}{}{equation.3}{}}
/Users/karlkuhne/Projekte/dhsn-notes/wiki/SEM2/Scripts/LateX_Scripts/Mathematik/Mathematik.tex:276: Undefined control sequence.
<write> \newlabel{eq:absolut}{{4}{\thepage 
                                           }{}{equation.4}{}}
l.276     \item G
                 leichungen~\ref{eq:binom1}--\ref{eq:binom3}: Binomische For...
The control sequence at the end of the top line
of your error message was never \def'ed. If you have
misspelled it (e.g., `\hobx'), type `I' and the correct
spelling (e.g., `I\hbox'). Otherwise just continue,
and I'll forget about whatever was undefined.

\newlabel{eq:absolut}{{4}{}{}{equation.4}{}}
/Users/karlkuhne/Projekte/dhsn-notes/wiki/SEM2/Scripts/LateX_Scripts/Mathematik/Mathematik.tex:276: Undefined control sequence.
<write> \newlabel{eq:binom3d}{{5}{\thepage 
                                           }{}{equation.5}{}}
l.276     \item G
                 leichungen~\ref{eq:binom1}--\ref{eq:binom3}: Binomische For...
The control sequence at the end of the top line
of your error message was never \def'ed. If you have
misspelled it (e.g., `\hobx'), type `I' and the correct
spelling (e.g., `I\hbox'). Otherwise just continue,
and I'll forget about whatever was undefined.

\newlabel{eq:binom3d}{{5}{}{}{equation.5}{}}
/Users/karlkuhne/Projekte/dhsn-notes/wiki/SEM2/Scripts/LateX_Scripts/Mathematik/Mathematik.tex:276: Undefined control sequence.
<write> \newlabel{sec:symbole}{{}{\thepage 
                                           }{}{equation.5}{}}
l.276     \item G
                 leichungen~\ref{eq:binom1}--\ref{eq:binom3}: Binomische For...
The control sequence at the end of the top line
of your error message was never \def'ed. If you have
misspelled it (e.g., `\hobx'), type `I' and the correct
spelling (e.g., `I\hbox'). Otherwise just continue,
and I'll forget about whatever was undefined.

\newlabel{sec:symbole}{{}{}{}{equation.5}{}}
]
Missing character: There is no G in font nullfont!
Missing character: There is no l in font nullfont!
Missing character: There is no e in font nullfont!
Missing character: There is no i in font nullfont!
Missing character: There is no c in font nullfont!
Missing character: There is no h in font nullfont!
Missing character: There is no u in font nullfont!
Missing character: There is no n in font nullfont!
Missing character: There is no g in font nullfont!
Missing character: There is no e in font nullfont!
Missing character: There is no n in font nullfont!
/Users/karlkuhne/Projekte/dhsn-notes/wiki/SEM2/Scripts/LateX_Scripts/Mathematik/Mathematik.tex:276: Undefined control sequence.
<write> ...Reference `eq:binom1' on page \thepage 
                                                  \space undefined\on@line .
l.276     \item Gleichungen~\ref{eq:binom1}
                                           --\ref{eq:binom3}: Binomische For...
The control sequence at the end of the top line
of your error message was never \def'ed. If you have
misspelled it (e.g., `\hobx'), type `I' and the correct
spelling (e.g., `I\hbox'). Otherwise just continue,
and I'll forget about whatever was undefined.


LaTeX Warning: Reference `eq:binom1' on page  undefined on input line 276.

Missing character: There is no - in font nullfont!
Missing character: There is no - in font nullfont!
/Users/karlkuhne/Projekte/dhsn-notes/wiki/SEM2/Scripts/LateX_Scripts/Mathematik/Mathematik.tex:276: Undefined control sequence.
<write> ...Reference `eq:binom3' on page \thepage 
                                                  \space undefined\on@line .
l.276 ...ichungen~\ref{eq:binom1}--\ref{eq:binom3}
                                                  : Binomische Formeln
The control sequence at the end of the top line
of your error message was never \def'ed. If you have
misspelled it (e.g., `\hobx'), type `I' and the correct
spelling (e.g., `I\hbox'). Otherwise just continue,
and I'll forget about whatever was undefined.


LaTeX Warning: Reference `eq:binom3' on page  undefined on input line 276.

Missing character: There is no : in font nullfont!
Missing character: There is no B in font nullfont!
Missing character: There is no i in font nullfont!
Missing character: There is no n in font nullfont!
Missing character: There is no o in font nullfont!
Missing character: There is no m in font nullfont!
Missing character: There is no i in font nullfont!
Missing character: There is no s in font nullfont!
Missing character: There is no c in font nullfont!
Missing character: There is no h in font nullfont!
Missing character: There is no e in font nullfont!
Missing character: There is no F in font nullfont!
Missing character: There is no o in font nullfont!
Missing character: There is no r in font nullfont!
Missing character: There is no m in font nullfont!
Missing character: There is no e in font nullfont!
Missing character: There is no l in font nullfont!
Missing character: There is no n in font nullfont!

Overfull \hbox (21.7221pt too wide) in paragraph at lines 276--277
[][] 
 []

Missing character: There is no G in font nullfont!
Missing character: There is no l in font nullfont!
Missing character: There is no e in font nullfont!
Missing character: There is no i in font nullfont!
Missing character: There is no c in font nullfont!
Missing character: There is no h in font nullfont!
Missing character: There is no u in font nullfont!
Missing character: There is no n in font nullfont!
Missing character: There is no g in font nullfont!
/Users/karlkuhne/Projekte/dhsn-notes/wiki/SEM2/Scripts/LateX_Scripts/Mathematik/Mathematik.tex:277: Undefined control sequence.
<write> ...eference `eq:absolut' on page \thepage 
                                                  \space undefined\on@line .
l.277     \item Gleichung~\ref{eq:absolut}
                                          : Die Betragsfunktion
The control sequence at the end of the top line
of your error message was never \def'ed. If you have
misspelled it (e.g., `\hobx'), type `I' and the correct
spelling (e.g., `I\hbox'). Otherwise just continue,
and I'll forget about whatever was undefined.


LaTeX Warning: Reference `eq:absolut' on page  undefined on input line 277.

Missing character: There is no : in font nullfont!
Missing character: There is no D in font nullfont!
Missing character: There is no i in font nullfont!
Missing character: There is no e in font nullfont!
Missing character: There is no B in font nullfont!
Missing character: There is no e in font nullfont!
Missing character: There is no t in font nullfont!
Missing character: There is no r in font nullfont!
Missing character: There is no a in font nullfont!
Missing character: There is no g in font nullfont!
Missing character: There is no s in font nullfont!
Missing character: There is no f in font nullfont!
Missing character: There is no u in font nullfont!
Missing character: There is no n in font nullfont!
Missing character: There is no k in font nullfont!
Missing character: There is no t in font nullfont!
Missing character: There is no i in font nullfont!
Missing character: There is no o in font nullfont!
Missing character: There is no n in font nullfont!

Overfull \hbox (10.86105pt too wide) in paragraph at lines 277--278
[]
 []

)
! Emergency stop.
<*> ...pts/LateX_Scripts/Mathematik/Mathematik.tex
                                                  
*** (job aborted, no legal \end found)

 
Here is how much of TeX's memory you used:
 100 strings out of 467525
 2053 string characters out of 5418982
 455756 words of memory out of 5000000
 29102 multiletter control sequences out of 15000+600000
 628840 words of font info for 44 fonts, out of 8000000 for 9000
 1141 hyphenation exceptions out of 8191
 25i,10n,32p,247b,193s stack positions out of 10000i,1000n,20000p,200000b,200000s
!  ==> Fatal error occurred, no output PDF file produced!
